"scenario","build","ref","link_profile","rtt_p50_ms","control_single_mib_per_s","connections","concurrency","request_concurrency","request_concurrency_used","repeats","files","bytes","median_ms","min_ms","max_ms","mad_ms","mib_per_s","files_per_s","upload_phase_ms","net_write_bytes","user_cpu_ms","sys_cpu_ms","cpu_percent","max_rss_bytes","go_gc_count","go_peak_goroutines","connections_opened","connections_used","connections_refused","reconnects","retries","errors","failed_runs"
"calib-100x64k","candidate","main (f23a3a9)","+50ms",13.25,0.37,1,1,,16,3,100,6553600,25603,24961,25875,272,0.24,3.91,24436.11,6645228,195,275.31,1.83,9850880,1,15,1,1,0,0,0,0,0
"calib-100x64k","candidate","main (f23a3a9)","+50ms",13.25,0.37,1,2,,16,3,100,6553600,19849,19142,19910,61,0.31,5.04,18657.38,6645228,173.28,218.74,2.01,9912320,1,16,1,1,0,0,0,0,0
"calib-100x64k","candidate","main (f23a3a9)","+50ms",13.25,0.37,1,4,,16,3,100,6553600,16941,16695,17440,246,0.37,5.9,15788.51,6645228,155.97,174.65,1.93,9850880,1,18,1,1,0,0,0,0,0
"calib-100x64k","candidate","main (f23a3a9)","+50ms",13.25,0.37,1,8,,16,3,100,6553600,14926,14872,15652,54,0.42,6.7,13752.94,6645228,133.94,185.87,2.02,9838592,1,22,1,1,0,0,0,0,0
"calib-100x64k","candidate","main (f23a3a9)","+50ms",13.25,0.37,1,16,,16,3,100,6553600,16399,14972,16765,366,0.38,6.1,15211.89,6645228,141.51,165.33,1.93,10498048,1,30,1,1,0,0,0,0,0
"calib-100x64k","candidate","main (f23a3a9)","+50ms",13.25,0.37,1,32,,16,3,100,6553600,15797,14727,16785,988,0.4,6.33,14594.63,6645228,143.8,166.13,2,10891264,1,46,1,1,0,0,0,0,0
"calib-100x64k","candidate","main (f23a3a9)","+50ms",13.25,0.37,1,64,,16,3,100,6553600,15623,14938,15736,113,0.4,6.4,14447.32,6645228,126.88,181.9,1.98,11878400,2,78,1,1,0,0,0,0,0
"calib-100x64k","candidate","main (f23a3a9)","+50ms",13.25,0.37,2,1,,16,3,100,6553600,24277,24038,25176,239,0.26,4.12,23181.16,6645228,189.56,273.14,1.89,9973760,1,15,1,1,0,0,0,0,0
"calib-100x64k","candidate","main (f23a3a9)","+50ms",13.25,0.37,2,2,,16,3,100,6553600,14513,13866,15071,558,0.43,6.89,13323.74,6646888,163.66,247.03,2.73,9838592,1,25,2,2,0,0,0,0,0
"calib-100x64k","candidate","main (f23a3a9)","+50ms",13.25,0.37,2,4,,16,3,100,6553600,12012,11895,12404,117,0.52,8.33,10833.39,6646888,145.58,205.44,2.94,10567680,1,27,2,2,0,0,0,0,0
"calib-100x64k","candidate","main (f23a3a9)","+50ms",13.25,0.37,2,8,,16,3,100,6553600,10869,10561,11051,182,0.58,9.2,9703.96,6646888,136.68,174.08,2.93,10436608,1,31,2,2,0,0,0,0,0
"calib-100x64k","candidate","main (f23a3a9)","+50ms",13.25,0.37,2,16,,16,3,100,6553600,10126,9524,10228,102,0.62,9.88,8951.87,6646888,137.15,146.86,2.84,10960896,1,39,2,2,0,0,0,0,0
"calib-100x64k","candidate","main (f23a3a9)","+50ms",13.25,0.37,2,32,,16,3,100,6553600,10115,9872,10606,243,0.62,9.89,8936.6,6646888,126.17,172.18,2.85,11153408,1,55,2,2,0,0,0,0,0
"calib-100x64k","candidate","main (f23a3a9)","+50ms",13.25,0.37,2,64,,16,3,100,6553600,10551,10232,11504,319,0.59,9.48,9389.7,6646888,151.25,170.67,2.99,11878400,2,87,2,2,0,0,0,0,0
"calib-100x64k","candidate","main (f23a3a9)","+50ms",13.25,0.37,4,1,,16,3,100,6553600,24116,24046,25504,70,0.26,4.15,22974.98,6645228,195.06,253.7,1.79,10043392,1,15,1,1,0,0,0,0,0
"calib-100x64k","candidate","main (f23a3a9)","+50ms",13.25,0.37,4,2,,16,3,100,6553600,14355,14294,14705,61,0.44,6.97,13139.64,6646888,186.36,219.92,2.87,9981952,1,25,2,2,0,0,0,0,0
"calib-100x64k","candidate","main (f23a3a9)","+50ms",13.25,0.37,4,4,,16,3,100,6553600,9955,9917,10012,38,0.63,10.05,8689.7,6650208,171.37,223.12,4,11354112,2,45,4,4,0,0,0,0,0
"calib-100x64k","candidate","main (f23a3a9)","+50ms",13.25,0.37,4,8,,16,3,100,6553600,8865,8482,9280,383,0.71,11.28,7670.48,6650208,160.99,198.14,3.97,11415552,2,49,4,4,0,0,0,0,0
"calib-100x64k","candidate","main (f23a3a9)","+50ms",13.25,0.37,4,16,,16,3,100,6553600,7719,7628,7984,91,0.81,12.96,6466.32,6650208,146.21,182.43,4.3,11354112,2,57,4,4,0,0,0,0,0
"calib-100x64k","candidate","main (f23a3a9)","+50ms",13.25,0.37,4,32,,16,3,100,6553600,8064,7731,9053,333,0.78,12.4,6848.34,6650208,142.35,173.45,4.02,11616256,2,73,4,4,0,0,0,0,0
"calib-100x64k","candidate","main (f23a3a9)","+50ms",13.25,0.37,4,64,,16,3,100,6553600,7858,7218,8333,475,0.8,12.73,6563.78,6650208,144.71,162.97,3.91,11878400,2,105,4,4,0,0,0,0,0
"calib-100x64k","candidate","main (f23a3a9)","+50ms",13.25,0.37,8,1,,16,3,100,6553600,23818,23570,25011,248,0.26,4.2,22677.67,6645228,199.52,280.31,1.96,9981952,1,15,1,1,0,0,0,0,0
"calib-100x64k","candidate","main (f23a3a9)","+50ms",13.25,0.37,8,2,,16,3,100,6553600,14760,13842,14849,89,0.42,6.78,13560.31,6646888,169.95,239.42,2.92,10039296,1,25,2,2,0,0,0,0,0
"calib-100x64k","candidate","main (f23a3a9)","+50ms",13.25,0.37,8,4,,16,3,100,6553600,9611,9353,10597,258,0.65,10.4,8383.56,6650208,159.7,208.4,3.94,10567680,1,45,4,4,0,0,0,0,0
"calib-100x64k","candidate","main (f23a3a9)","+50ms",13.25,0.37,8,8,,16,3,100,6553600,9053,8348,9313,260,0.69,11.05,7806.59,6656848,167.37,206.42,4.42,11677696,2,85,8,8,0,0,0,0,0
"calib-100x64k","candidate","main (f23a3a9)","+50ms",13.25,0.37,8,16,,16,3,100,6553600,7758,7301,8193,435,0.81,12.89,6427.73,6656848,176.92,231.03,5.43,11329536,2,93,8,8,0,0,0,0,0
"calib-100x64k","candidate","main (f23a3a9)","+50ms",13.25,0.37,8,32,,16,3,100,6553600,7565,7490,7604,39,0.83,13.22,6212.38,6656848,169.5,202.96,4.83,12140544,3,109,8,8,0,0,0,0,0
"calib-100x64k","candidate","main (f23a3a9)","+50ms",13.25,0.37,8,64,,16,3,100,6553600,7689,7111,8120,431,0.81,13.01,6406.44,6656848,162.18,212.79,4.83,13258752,2,141,8,8,0,0,0,0,0
"large","candidate","main (f23a3a9)","+50ms",13.25,0.37,1,1,1,1,3,2,33554432,82241,81066,85989,1175,0.39,0.02,81659.15,33665220,510.7,654.81,1.45,9838592,0,15,1,1,0,0,0,0,0
"large","candidate","main (f23a3a9)","+50ms",13.25,0.37,1,1,16,16,3,2,33554432,83889,83093,90025,796,0.38,0.02,83289.26,33665220,487.61,704.59,1.43,9838592,0,15,1,1,0,0,0,0,0
"large","candidate","main (f23a3a9)","+50ms",13.25,0.37,1,1,64,64,3,2,33554432,83790,82670,84098,308,0.38,0.02,83196.74,33665220,512.57,667.05,1.39,9838592,0,15,1,1,0,0,0,0,0
"large","candidate","main (f23a3a9)","+50ms",13.25,0.37,1,2,1,1,3,2,33554432,77197,77096,80423,101,0.41,0.03,76611.4,33665220,512.6,468.71,1.23,9838592,0,16,1,1,0,0,0,0,0
"large","candidate","main (f23a3a9)","+50ms",13.25,0.37,1,2,16,16,3,2,33554432,74350,71933,78377,2417,0.43,0.03,73752.2,33665220,493.53,493.24,1.28,9838592,0,16,1,1,0,0,0,0,0
"large","candidate","main (f23a3a9)","+50ms",13.25,0.37,1,2,64,64,3,2,33554432,72921,69934,75788,2867,0.44,0.03,72324.17,33665220,461.43,456.91,1.3,9838592,0,16,1,1,0,0,0,0,0
"large","candidate","main (f23a3a9)","+50ms",13.25,0.37,2,1,1,1,3,2,33554432,82825,80029,84649,1824,0.39,0.02,82199.56,33665220,508.31,670.11,1.4,9838592,0,15,1,1,0,0,0,0,0
"large","candidate","main (f23a3a9)","+50ms",13.25,0.37,2,1,16,16,3,2,33554432,83923,83307,84398,475,0.38,0.02,83319.7,33665220,518.09,693.92,1.44,9838592,0,15,1,1,0,0,0,0,0
"large","candidate","main (f23a3a9)","+50ms",13.25,0.37,2,1,64,64,3,2,33554432,83127,82000,84248,1121,0.38,0.02,82501.92,33665220,497.98,685.49,1.42,9838592,0,15,1,1,0,0,0,0,0
"large","candidate","main (f23a3a9)","+50ms",13.25,0.37,2,2,1,1,3,2,33554432,49468,47586,49739,271,0.65,0.04,48860.75,33666880,417.16,545.72,1.97,9838592,0,25,2,2,0,0,0,0,0
"large","candidate","main (f23a3a9)","+50ms",13.25,0.37,2,2,16,16,3,2,33554432,47747,45958,48548,801,0.67,0.04,47139.94,33666880,454.13,513.42,1.99,9838592,0,25,2,2,0,0,0,0,0
"large","candidate","main (f23a3a9)","+50ms",13.25,0.37,2,2,64,64,3,2,33554432,49769,48008,52913,1761,0.64,0.04,49171.64,33666880,405.06,557.98,2,9838592,0,25,2,2,0,0,0,0,0
"single","candidate","main (f23a3a9)","+50ms",13.25,0.37,1,1,1,1,3,1,33554432,85259,84880,85877,379,0.38,0.01,84728.96,33664084,500.42,671.18,1.38,9838592,0,15,1,1,0,0,0,0,0
"single","candidate","main (f23a3a9)","+50ms",13.25,0.37,1,1,16,16,3,1,33554432,85599,82715,88586,2884,0.37,0.01,85145.05,33664084,517.82,674.66,1.39,9838592,0,15,1,1,0,0,0,0,0
"single","candidate","main (f23a3a9)","+50ms",13.25,0.37,1,1,64,64,3,1,33554432,85219,82288,90741,2931,0.38,0.01,84782.46,33664084,496.28,673.62,1.38,9838592,0,15,1,1,0,0,0,0,0
"small","candidate","main (f23a3a9)","+50ms",13.25,0.37,1,1,,16,3,300,1228800,39848,37717,40198,350,0.03,7.53,38674.17,1445040,324.56,526.29,2.18,11091968,3,15,1,1,0,0,0,0,0
"small","candidate","main (f23a3a9)","+50ms",13.25,0.37,1,2,,16,3,300,1228800,21336,20530,22094,758,0.05,14.06,20178.86,1444988,250.42,384.95,3.01,11091968,3,16,1,1,0,0,0,0,0
"small","candidate","main (f23a3a9)","+50ms",13.25,0.37,1,4,,16,3,300,1228800,13498,13277,14881,221,0.09,22.23,12309.11,1444988,219.25,318.23,3.94,11091968,3,18,1,1,0,0,0,0,0
"small","candidate","main (f23a3a9)","+50ms",13.25,0.37,1,8,,16,3,300,1228800,8540,7778,9317,762,0.14,35.13,7403.14,1444988,196.62,236.98,5.08,11612160,4,22,1,1,0,0,0,0,0
"small","candidate","main (f23a3a9)","+50ms",13.25,0.37,1,16,,16,3,300,1228800,7214,6737,8401,477,0.16,41.59,6037.28,1444988,169.01,209.54,4.89,11616256,4,30,1,1,0,0,0,0,0
"small","candidate","main (f23a3a9)","+50ms",13.25,0.37,1,32,,16,3,300,1228800,7958,7938,8523,20,0.15,37.7,6790.41,1444988,159.12,216.15,4.53,11747328,4,46,1,1,0,0,0,0,0
"small","candidate","main (f23a3a9)","+50ms",13.25,0.37,1,64,,16,3,300,1228800,6842,5764,6882,40,0.17,43.85,5663.94,1444988,161.3,180.46,5.65,12271616,5,78,1,1,0,0,0,0,0
"small","candidate","main (f23a3a9)","+50ms",13.25,0.37,2,1,,16,3,300,1228800,38233,37699,39054,534,0.03,7.85,37027.25,1445040,352.25,478.05,2.18,11153408,3,15,1,1,0,0,0,0,0
"small","candidate","main (f23a3a9)","+50ms",13.25,0.37,2,2,,16,3,300,1228800,20637,19819,20871,234,0.06,14.54,19475.48,1446648,289.94,449.1,3.62,11485184,4,25,2,2,0,0,0,0,0
"small","candidate","main (f23a3a9)","+50ms",13.25,0.37,2,4,,16,3,300,1228800,13151,13123,13348,28,0.09,22.81,11969.22,1446648,238.95,378.33,4.7,11485184,4,27,2,2,0,0,0,0,0
"small","candidate","main (f23a3a9)","+50ms",13.25,0.37,2,8,,16,3,300,1228800,8491,8421,8848,70,0.14,35.33,7331.39,1446648,192.42,299.04,5.66,11485184,4,31,2,2,0,0,0,0,0
"small","candidate","main (f23a3a9)","+50ms",13.25,0.37,2,16,,16,3,300,1228800,5902,5143,6195,293,0.2,50.83,4736.11,1446648,186.61,223.67,6.73,11685888,4,39,2,2,0,0,0,0,0
"small","candidate","main (f23a3a9)","+50ms",13.25,0.37,2,32,,16,3,300,1228800,5185,5184,5246,1,0.23,57.86,4006.34,1446648,159.71,201.98,6.89,12009472,5,55,2,2,0,0,0,0,0
"small","candidate","main (f23a3a9)","+50ms",13.25,0.37,2,64,,16,3,300,1228800,5084,4860,5115,31,0.23,59.01,3931.27,1446648,165.26,182.37,6.98,12271616,5,87,2,2,0,0,0,0,0
"small","candidate","main (f23a3a9)","+50ms",13.25,0.37,4,1,,16,3,300,1228800,40645,40558,42493,87,0.03,7.38,39481.75,1445040,369.44,513.57,2.15,10960896,3,15,1,1,0,0,0,0,0
"small","candidate","main (f23a3a9)","+50ms",13.25,0.37,4,2,,16,3,300,1228800,20989,20649,21134,145,0.06,14.29,19823.07,1446648,293.51,489.56,3.73,11223040,4,25,2,2,0,0,0,0,0
"small","candidate","main (f23a3a9)","+50ms",13.25,0.37,4,4,,16,3,300,1228800,12082,11695,13405,387,0.1,24.83,10884.65,1449968,262.69,412.89,5.64,11616256,4,45,4,4,0,0,0,0,0
"small","candidate","main (f23a3a9)","+50ms",13.25,0.37,4,8,,16,3,300,1228800,8574,8175,8765,191,0.14,34.99,7345.61,1449968,231.43,347.94,6.5,11878400,4,49,4,4,0,0,0,0,0
"small","candidate","main (f23a3a9)","+50ms",13.25,0.37,4,16,,16,3,300,1228800,5919,5881,6326,38,0.2,50.68,4682.85,1449968,189.55,276.92,7.56,11948032,4,57,4,4,0,0,0,0,0
"small","candidate","main (f23a3a9)","+50ms",13.25,0.37,4,32,,16,3,300,1228800,5102,4515,5120,18,0.23,58.8,3916.58,1449968,190.15,232.35,8,12210176,5,73,4,4,0,0,0,0,0
"small","candidate","main (f23a3a9)","+50ms",13.25,0.37,4,64,,16,3,300,1228800,5004,4689,5093,89,0.23,59.95,3811.44,1449968,186.3,238.84,8.42,12341248,5,105,4,4,0,0,0,0,0
"small","candidate","main (f23a3a9)","+50ms",13.25,0.37,8,1,,16,3,300,1228800,39052,39048,39067,4,0.03,7.68,37888.7,1445040,337.7,531.67,2.21,11223040,3,15,1,1,0,0,0,0,0
"small","candidate","main (f23a3a9)","+50ms",13.25,0.37,8,2,,16,3,300,1228800,20601,20338,21537,263,0.06,14.56,19429.62,1446648,288.2,444.37,3.54,11481088,4,25,2,2,0,0,0,0,0
"small","candidate","main (f23a3a9)","+50ms",13.25,0.37,8,4,,16,3,300,1228800,12644,11881,12662,18,0.09,23.73,11421.8,1449968,245.44,408.62,5.19,11616256,4,45,4,4,0,0,0,0,0
"small","candidate","main (f23a3a9)","+50ms",13.25,0.37,8,8,,16,3,300,1228800,8633,8625,8988,8,0.14,34.75,7342.83,1456608,223.8,380.16,7.01,12070912,4,85,8,8,0,0,0,0,0
"small","candidate","main (f23a3a9)","+50ms",13.25,0.37,8,16,,16,3,300,1228800,6962,6785,7668,177,0.17,43.09,5726.93,1456608,204.55,358.03,8.17,12201984,5,93,8,8,0,0,0,0,0
"small","candidate","main (f23a3a9)","+50ms",13.25,0.37,8,32,,16,3,300,1228800,5680,5640,6150,40,0.21,52.82,4430.75,1456608,209.01,310.6,9.16,12382208,5,109,8,8,0,0,0,0,0
"small","candidate","main (f23a3a9)","+50ms",13.25,0.37,8,64,,16,3,300,1228800,5840,5315,5840,0,0.2,51.37,4550.29,1456608,200.62,254.7,8.25,12865536,5,141,8,8,0,0,0,0,0
"sync","candidate","main (f23a3a9)","+50ms",13.25,0.37,1,1,,16,3,3,238080,1802,1782,1977,20,0.13,1.66,709.31,285760,97.66,67.43,9.15,12005376,6,18,1,1,0,0,0,0,0
"sync","candidate","main (f23a3a9)","+50ms",13.25,0.37,1,2,,16,3,3,239616,1606,1337,1869,263,0.14,1.87,577.97,287296,118.57,59.5,11.33,12140544,6,18,1,1,0,0,0,0,0
"sync","candidate","main (f23a3a9)","+50ms",13.25,0.37,1,4,,16,3,3,241152,1506,1373,1578,72,0.15,1.99,452.94,288832,148.6,81.79,15.27,12398592,7,18,1,1,0,0,0,0,0
"sync","candidate","main (f23a3a9)","+50ms",13.25,0.37,1,8,,16,3,3,242688,1443,1271,1564,121,0.16,2.08,407.66,290680,127.17,66.93,12.18,13111296,7,21,1,1,0,0,0,0,0
"sync","candidate","main (f23a3a9)","+50ms",13.25,0.37,1,16,,16,3,3,244224,1321,1280,1776,41,0.18,2.27,300.78,292252,120.54,73.47,13.52,12726272,8,30,1,1,0,0,0,0,0
"sync","candidate","main (f23a3a9)","+50ms",13.25,0.37,1,32,,16,3,3,245760,1519,1359,1570,51,0.15,1.97,359.95,293752,130.85,74.8,13.91,13033472,8,46,1,1,0,0,0,0,0
"sync","candidate","main (f23a3a9)","+50ms",13.25,0.37,1,64,,16,3,3,247296,1447,1343,1497,50,0.16,2.07,362.84,295288,127.63,67.92,14.02,13246464,8,78,1,1,0,0,0,0,0
"sync","candidate","main (f23a3a9)","+50ms",13.25,0.37,2,1,,16,3,3,248832,1893,1623,1937,44,0.13,1.58,734.8,296824,117.29,68.22,10.56,12070912,6,19,1,1,0,0,0,0,0
"sync","candidate","main (f23a3a9)","+50ms",13.25,0.37,2,2,,16,3,3,250368,1728,1673,1796,55,0.14,1.74,731.11,300020,104.05,68.15,10.09,12140544,7,27,2,2,0,0,0,0,0
"sync","candidate","main (f23a3a9)","+50ms",13.25,0.37,2,4,,16,3,3,251904,1650,1610,1817,40,0.15,1.82,553.74,301556,125.1,75.72,10.92,12050432,7,27,2,2,0,0,0,0,0
"sync","candidate","main (f23a3a9)","+50ms",13.25,0.37,2,8,,16,3,3,253440,1591,1542,2036,49,0.15,1.89,535.49,303092,126.13,68.41,12.18,13381632,7,28,2,2,0,0,0,0,0
"sync","candidate","main (f23a3a9)","+50ms",13.25,0.37,2,16,,16,3,3,254976,1676,1494,2062,182,0.15,1.79,557.99,304628,123.5,72.75,11.01,12926976,7,27,2,2,0,0,0,0,0
"sync","candidate","main (f23a3a9)","+50ms",13.25,0.37,2,32,,16,3,3,256512,1657,1494,1915,163,0.15,1.81,548.78,306164,128.55,74.17,11.64,13144064,8,46,2,2,0,0,0,0,0
"sync","candidate","main (f23a3a9)","+50ms",13.25,0.37,2,64,,16,3,3,258048,1615,1597,1632,17,0.15,1.86,547.88,307700,158.82,81.15,15,13320192,8,78,2,2,0,0,0,0,0
"sync","candidate","main (f23a3a9)","+50ms",13.25,0.37,4,1,,16,3,3,259584,1858,1799,1963,59,0.13,1.61,743.7,307576,95.18,69.46,8.8,12136448,6,19,1,1,0,0,0,0,0
"sync","candidate","main (f23a3a9)","+50ms",13.25,0.37,4,2,,16,3,3,261120,1829,1764,1886,57,0.14,1.64,748.34,310772,136.82,71.19,11.01,11948032,6,28,2,2,0,0,0,0,0
"sync","candidate","main (f23a3a9)","+50ms",13.25,0.37,4,4,,16,3,3,262656,2204,1985,2216,12,0.11,1.36,920.94,313968,127.92,84.58,10.69,12140544,7,36,3,3,0,0,0,0,0
"sync","candidate","main (f23a3a9)","+50ms",13.25,0.37,4,8,,16,3,3,264192,2065,1852,2201,136,0.12,1.45,896.61,315504,135.59,87.52,10.74,13062144,9,36,3,3,0,0,0,0,0
"sync","candidate","main (f23a3a9)","+50ms",13.25,0.37,4,16,,16,3,3,265728,2235,1849,2254,19,0.11,1.34,920.53,317040,157.46,95.87,11.41,12832768,8,36,3,3,0,0,0,0,0
"sync","candidate","main (f23a3a9)","+50ms",13.25,0.37,4,32,,16,3,3,267264,2041,1837,2200,159,0.12,1.47,919.84,318576,132.35,83.16,10.72,12914688,8,46,3,3,0,0,0,0,0
"sync","candidate","main (f23a3a9)","+50ms",13.25,0.37,4,64,,16,3,3,268800,1889,1830,1932,43,0.14,1.59,860.98,320112,197.3,84.87,14.59,13180928,8,77,3,3,0,0,0,0,0
"sync","candidate","main (f23a3a9)","+50ms",13.25,0.37,8,1,,16,3,3,270336,1782,1662,1992,120,0.14,1.68,659.19,318328,94.43,66.53,8.47,11878400,6,19,1,1,0,0,0,0,0
"sync","candidate","main (f23a3a9)","+50ms",13.25,0.37,8,2,,16,3,3,271872,1869,1559,2029,160,0.14,1.61,860.84,321524,101.5,64.02,8.59,12201984,7,28,2,2,0,0,0,0,0
"sync","candidate","main (f23a3a9)","+50ms",13.25,0.37,8,4,,16,3,3,273408,2212,2190,2252,22,0.12,1.36,1135.6,324720,121.86,85.75,9.47,11907072,7,36,3,3,0,0,0,0,0
"sync","candidate","main (f23a3a9)","+50ms",13.25,0.37,8,8,,16,3,3,274944,1909,1888,2125,21,0.14,1.57,872.42,326256,128.23,80.86,10.55,12496896,8,37,3,3,0,0,0,0,0
"sync","candidate","main (f23a3a9)","+50ms",13.25,0.37,8,16,,16,3,3,276480,1820,1793,1876,27,0.14,1.65,833.73,327792,140.51,87.59,12.12,13119488,8,37,3,3,0,0,0,0,0
"sync","candidate","main (f23a3a9)","+50ms",13.25,0.37,8,32,,16,3,3,278016,1924,1788,2007,83,0.14,1.56,887.33,329328,140.94,83.68,11.18,13189120,8,46,3,3,0,0,0,0,0
"sync","candidate","main (f23a3a9)","+50ms",13.25,0.37,8,64,,16,3,3,279552,2395,1964,2453,58,0.11,1.25,1384.52,330864,135.7,82.4,9.79,14430208,7,78,3,3,0,0,0,0,0
"calib-100x64k","candidate","main (f23a3a9)","+50ms/5mbit",13.32,0.4,1,1,,16,3,100,6553600,24182,23466,24299,117,0.26,4.14,22939.23,6645228,197.31,257.35,1.9,10104832,1,15,1,1,0,0,0,0,0
"calib-100x64k","candidate","main (f23a3a9)","+50ms/5mbit",13.32,0.4,1,2,,16,3,100,6553600,20262,18172,20508,246,0.31,4.94,19005.52,6645228,179.08,229.15,2.02,10104832,1,16,1,1,0,0,0,0,0
"calib-100x64k","candidate","main (f23a3a9)","+50ms/5mbit",13.32,0.4,1,4,,16,3,100,6553600,16188,15482,16347,159,0.39,6.18,14970.48,6645228,155.58,177.81,2.11,10104832,1,18,1,1,0,0,0,0,0
"calib-100x64k","candidate","main (f23a3a9)","+50ms/5mbit",13.32,0.4,1,8,,16,3,100,6553600,15752,14947,16955,805,0.4,6.35,14573.89,6645228,156.26,160.34,1.93,10498048,1,22,1,1,0,0,0,0,0
"calib-100x64k","candidate","main (f23a3a9)","+50ms/5mbit",13.32,0.4,1,16,,16,3,100,6553600,14915,14461,15442,454,0.42,6.7,13762.03,6645228,150.6,164.54,2.13,10436608,1,30,1,1,0,0,0,0,0
"calib-100x64k","candidate","main (f23a3a9)","+50ms/5mbit",13.32,0.4,1,32,,16,3,100,6553600,14568,14211,15848,357,0.43,6.86,13401.21,6645228,161.31,158.35,2.14,10375168,1,46,1,1,0,0,0,0,0
"calib-100x64k","candidate","main (f23a3a9)","+50ms/5mbit",13.32,0.4,1,64,,16,3,100,6553600,15837,14115,16661,824,0.39,6.31,14669.87,6645228,131.89,171.07,2.01,12070912,2,78,1,1,0,0,0,0,0
"calib-100x64k","candidate","main (f23a3a9)","+50ms/5mbit",13.32,0.4,2,1,,16,3,100,6553600,24350,23874,24647,297,0.26,4.11,23185.14,6645228,177.05,264.58,1.83,10104832,1,15,1,1,0,0,0,0,0
"calib-100x64k","candidate","main (f23a3a9)","+50ms/5mbit",13.32,0.4,2,2,,16,3,100,6553600,15068,14642,15830,426,0.41,6.64,13903.56,6646888,181.74,217.06,2.7,10244096,1,25,2,2,0,0,0,0,0
"calib-100x64k","candidate","main (f23a3a9)","+50ms/5mbit",13.32,0.4,2,4,,16,3,100,6553600,12387,11853,12797,410,0.5,8.07,10678,6646888,156.88,195.27,2.89,10174464,1,27,2,2,0,0,0,0,0
"calib-100x64k","candidate","main (f23a3a9)","+50ms/5mbit",13.32,0.4,2,8,,16,3,100,6553600,10649,10531,10841,118,0.59,9.39,9386.53,6646888,139.88,165.84,2.9,10498048,1,31,2,2,0,0,0,0,0
"calib-100x64k","candidate","main (f23a3a9)","+50ms/5mbit",13.32,0.4,2,16,,16,3,100,6553600,10644,10195,11268,449,0.59,9.39,9193.8,6646888,137.78,147.72,2.59,10567680,1,39,2,2,0,0,0,0,0
"calib-100x64k","candidate","main (f23a3a9)","+50ms/5mbit",13.32,0.4,2,32,,16,3,100,6553600,10634,10162,11213,472,0.59,9.4,9419.27,6646888,143.75,155.63,2.77,10768384,1,55,2,2,0,0,0,0,0
"calib-100x64k","candidate","main (f23a3a9)","+50ms/5mbit",13.32,0.4,2,64,,16,3,100,6553600,11229,10258,11964,735,0.56,8.91,9821.29,6646888,144.88,163.42,2.8,12079104,2,87,2,2,0,0,0,0,0
"calib-100x64k","candidate","main (f23a3a9)","+50ms/5mbit",13.32,0.4,4,1,,16,3,100,6553600,24279,23341,25908,938,0.26,4.12,23060.73,6645228,197.93,259.35,1.91,10104832,1,15,1,1,0,0,0,0,0
"calib-100x64k","candidate","main (f23a3a9)","+50ms/5mbit",13.32,0.4,4,2,,16,3,100,6553600,14484,14331,15604,153,0.43,6.9,13238.74,6646888,178.69,216.32,2.76,10174464,1,25,2,2,0,0,0,0,0
"calib-100x64k","candidate","main (f23a3a9)","+50ms/5mbit",13.32,0.4,4,4,,16,3,100,6553600,10033,9861,11168,172,0.62,9.97,8733.67,6650208,156.39,220.05,3.55,10760192,1,45,4,4,0,0,0,0,0
"calib-100x64k","candidate","main (f23a3a9)","+50ms/5mbit",13.32,0.4,4,8,,16,3,100,6553600,9215,8508,9273,58,0.68,10.85,7825.76,6650208,152.65,197.54,3.69,11350016,2,49,4,4,0,0,0,0,0
"calib-100x64k","candidate","main (f23a3a9)","+50ms/5mbit",13.32,0.4,4,16,,16,3,100,6553600,8071,7797,8186,115,0.77,12.39,6887.88,6650208,154.77,174.39,4.03,11546624,2,57,4,4,0,0,0,0,0
"calib-100x64k","candidate","main (f23a3a9)","+50ms/5mbit",13.32,0.4,4,32,,16,3,100,6553600,8597,8213,8935,338,0.73,11.63,7011.15,6650208,159,168.61,3.71,11616256,2,73,4,4,0,0,0,0,0
"calib-100x64k","candidate","main (f23a3a9)","+50ms/5mbit",13.32,0.4,4,64,,16,3,100,6553600,7645,7301,8327,344,0.82,13.08,6412.52,6650208,141.8,146.79,3.75,12009472,2,105,4,4,0,0,0,0,0
"calib-100x64k","candidate","main (f23a3a9)","+50ms/5mbit",13.32,0.4,8,1,,16,3,100,6553600,24825,24808,25421,17,0.25,4.03,23585.01,6645228,187.26,274.36,1.84,10104832,1,15,1,1,0,0,0,0,0
"calib-100x64k","candidate","main (f23a3a9)","+50ms/5mbit",13.32,0.4,8,2,,16,3,100,6553600,14439,14304,15030,135,0.43,6.93,13225.49,6646888,158.87,226.35,2.64,10104832,1,25,2,2,0,0,0,0,0
"calib-100x64k","candidate","main (f23a3a9)","+50ms/5mbit",13.32,0.4,8,4,,16,3,100,6553600,10503,10438,11244,65,0.6,9.52,9257.21,6650208,169.89,199.28,3.49,10829824,1,45,4,4,0,0,0,0,0
"calib-100x64k","candidate","main (f23a3a9)","+50ms/5mbit",13.32,0.4,8,8,,16,3,100,6553600,8823,8222,9421,598,0.71,11.33,7555.81,6656848,174.05,229.85,4.63,11485184,2,85,8,8,0,0,0,0,0
"calib-100x64k","candidate","main (f23a3a9)","+50ms/5mbit",13.32,0.4,8,16,,16,3,100,6553600,7782,7748,8047,34,0.8,12.85,6521.49,6656848,174.41,220.3,5.12,11616256,2,93,8,8,0,0,0,0,0
"calib-100x64k","candidate","main (f23a3a9)","+50ms/5mbit",13.32,0.4,8,32,,16,3,100,6553600,7626,7524,8106,102,0.82,13.11,6342.91,6656848,166.46,190.21,4.47,11747328,3,109,8,8,0,0,0,0,0
"calib-100x64k","candidate","main (f23a3a9)","+50ms/5mbit",13.32,0.4,8,64,,16,3,100,6553600,7885,7172,8288,403,0.79,12.68,6535.78,6656848,171.96,187.39,4.29,13451264,3,141,8,8,0,0,0,0,0
"large","candidate","main (f23a3a9)","+50ms/5mbit",13.32,0.4,1,1,1,1,3,2,33554432,83019,81647,84164,1145,0.39,0.02,82458.97,33665220,499.19,670.6,1.41,10104832,0,15,1,1,0,0,0,0,0
"large","candidate","main (f23a3a9)","+50ms/5mbit",13.32,0.4,1,1,16,16,3,2,33554432,82264,82082,84498,182,0.39,0.02,81589.27,33665220,497.54,653.87,1.43,10104832,0,15,1,1,0,0,0,0,0
"large","candidate","main (f23a3a9)","+50ms/5mbit",13.32,0.4,1,1,64,64,3,2,33554432,82689,82279,84810,410,0.39,0.02,82058.49,33665220,473.81,711.16,1.41,10104832,0,15,1,1,0,0,0,0,0
"large","candidate","main (f23a3a9)","+50ms/5mbit",13.32,0.4,1,2,1,1,3,2,33554432,77504,76096,82792,1408,0.41,0.03,76875.23,33665220,496.34,472.83,1.23,10104832,0,16,1,1,0,0,0,0,0
"large","candidate","main (f23a3a9)","+50ms/5mbit",13.32,0.4,1,2,16,16,3,2,33554432,77941,75263,79131,1190,0.41,0.03,77330.81,33665220,494.63,438.56,1.2,10104832,0,16,1,1,0,0,0,0,0
"large","candidate","main (f23a3a9)","+50ms/5mbit",13.32,0.4,1,2,64,64,3,2,33554432,72987,70861,83106,2126,0.44,0.03,72334.62,33665220,473.52,486.45,1.24,10104832,0,16,1,1,0,0,0,0,0
"large","candidate","main (f23a3a9)","+50ms/5mbit",13.32,0.4,2,1,1,1,3,2,33554432,83814,82549,85130,1265,0.38,0.02,83204.93,33665220,523.09,682.09,1.4,10104832,0,15,1,1,0,0,0,0,0
"large","candidate","main (f23a3a9)","+50ms/5mbit",13.32,0.4,2,1,16,16,3,2,33554432,83325,81391,84249,924,0.38,0.02,82708.14,33665220,508.56,709.14,1.45,10104832,0,15,1,1,0,0,0,0,0
"large","candidate","main (f23a3a9)","+50ms/5mbit",13.32,0.4,2,1,64,64,3,2,33554432,84234,82107,84814,580,0.38,0.02,83672.86,33665220,541.08,658.9,1.4,10104832,0,15,1,1,0,0,0,0,0
"large","candidate","main (f23a3a9)","+50ms/5mbit",13.32,0.4,2,2,1,1,3,2,33554432,48493,48100,48796,303,0.66,0.04,47840.14,33666880,392.78,579.05,2,10104832,0,25,2,2,0,0,0,0,0
"large","candidate","main (f23a3a9)","+50ms/5mbit",13.32,0.4,2,2,16,16,3,2,33554432,49356,48438,50535,918,0.65,0.04,48759.77,33666880,418.33,550.1,1.92,10104832,0,25,2,2,0,0,0,0,0
"large","candidate","main (f23a3a9)","+50ms/5mbit",13.32,0.4,2,2,64,64,3,2,33554432,52856,49332,54258,1402,0.61,0.04,52246.73,33666880,430.57,533.4,1.91,10104832,0,25,2,2,0,0,0,0,0
"single","candidate","main (f23a3a9)","+50ms/5mbit",13.32,0.4,1,1,1,1,3,1,33554432,83287,81539,92072,1748,0.38,0.01,82758.02,33664084,495.93,656.76,1.4,10104832,0,15,1,1,0,0,0,0,0
"single","candidate","main (f23a3a9)","+50ms/5mbit",13.32,0.4,1,1,16,16,3,1,33554432,83415,81378,84517,1102,0.38,0.01,82911.1,33664084,499.03,665.5,1.42,10104832,0,15,1,1,0,0,0,0,0
"single","candidate","main (f23a3a9)","+50ms/5mbit",13.32,0.4,1,1,64,64,3,1,33554432,84180,83072,86185,1108,0.38,0.01,83695.35,33664084,497.95,670.63,1.4,10104832,0,15,1,1,0,0,0,0,0
"small","candidate","main (f23a3a9)","+50ms/5mbit",13.32,0.4,1,1,,16,3,300,1228800,40214,38006,40468,254,0.03,7.46,39013.86,1445040,342.63,488.74,2.08,11223040,3,15,1,1,0,0,0,0,0
"small","candidate","main (f23a3a9)","+50ms/5mbit",13.32,0.4,1,2,,16,3,300,1228800,21922,21638,22953,284,0.05,13.68,20690.12,1444988,272.18,415.9,3.01,11161600,3,16,1,1,0,0,0,0,0
"small","candidate","main (f23a3a9)","+50ms/5mbit",13.32,0.4,1,4,,16,3,300,1228800,12918,12378,13550,540,0.09,23.22,11707.73,1444988,235.01,334.53,4.29,11350016,3,18,1,1,0,0,0,0,0
"small","candidate","main (f23a3a9)","+50ms/5mbit",13.32,0.4,1,8,,16,3,300,1228800,7430,7414,8883,16,0.16,40.38,6288.41,1444988,172,253.91,5.73,11354112,4,22,1,1,0,0,0,0,0
"small","candidate","main (f23a3a9)","+50ms/5mbit",13.32,0.4,1,16,,16,3,300,1228800,7278,7121,7825,157,0.16,41.22,6035.2,1444988,175.83,221.68,5.47,11554816,4,30,1,1,0,0,0,0,0
"small","candidate","main (f23a3a9)","+50ms/5mbit",13.32,0.4,1,32,,16,3,300,1228800,7244,7088,7907,156,0.16,41.41,6082.15,1444988,174.69,190.31,5,12201984,4,46,1,1,0,0,0,0,0
"small","candidate","main (f23a3a9)","+50ms/5mbit",13.32,0.4,1,64,,16,3,300,1228800,6518,6197,7836,321,0.18,46.03,5364.8,1444988,181.35,202.73,5.56,12345344,5,78,1,1,0,0,0,0,0
"small","candidate","main (f23a3a9)","+50ms/5mbit",13.32,0.4,2,1,,16,3,300,1228800,42644,38149,43507,863,0.03,7.03,41435.17,1445040,348.83,508.3,2.01,10960896,3,15,1,1,0,0,0,0,0
"small","candidate","main (f23a3a9)","+50ms/5mbit",13.32,0.4,2,2,,16,3,300,1228800,21160,20905,21553,255,0.06,14.18,19890.75,1446648,275.39,461,3.5,11354112,3,25,2,2,0,0,0,0,0
"small","candidate","main (f23a3a9)","+50ms/5mbit",13.32,0.4,2,4,,16,3,300,1228800,13619,13476,14141,143,0.09,22.03,12444.57,1446648,234.33,373.51,4.51,11292672,4,27,2,2,0,0,0,0,0
"small","candidate","main (f23a3a9)","+50ms/5mbit",13.32,0.4,2,8,,16,3,300,1228800,9221,8878,9229,8,0.13,32.53,7965.26,1446648,192.98,294.11,5.39,11485184,4,31,2,2,0,0,0,0,0
"small","candidate","main (f23a3a9)","+50ms/5mbit",13.32,0.4,2,16,,16,3,300,1228800,5449,5203,5826,246,0.22,55.06,4193.97,1446648,152.01,231.06,7.23,11808768,4,39,2,2,0,0,0,0,0
"small","candidate","main (f23a3a9)","+50ms/5mbit",13.32,0.4,2,32,,16,3,300,1228800,5341,5245,5406,65,0.22,56.17,4079.54,1446648,157.66,201.6,6.73,11747328,4,55,2,2,0,0,0,0,0
"small","candidate","main (f23a3a9)","+50ms/5mbit",13.32,0.4,2,64,,16,3,300,1228800,5125,5112,5158,13,0.23,58.54,3929.5,1446648,163.98,197.14,6.87,12308480,5,87,2,2,0,0,0,0,0
"small","candidate","main (f23a3a9)","+50ms/5mbit",13.32,0.4,4,1,,16,3,300,1228800,39473,37242,40342,869,0.03,7.6,38245.14,1445040,318.17,505.53,2.16,11091968,3,15,1,1,0,0,0,0,0
"small","candidate","main (f23a3a9)","+50ms/5mbit",13.32,0.4,4,2,,16,3,300,1228800,20899,20441,21400,458,0.06,14.35,19693.21,1446648,274,432.2,3.44,11292672,4,25,2,2,0,0,0,0,0
"small","candidate","main (f23a3a9)","+50ms/5mbit",13.32,0.4,4,4,,16,3,300,1228800,12663,12585,12937,78,0.09,23.69,11363.83,1449968,263.15,413.17,5.24,11554816,4,45,4,4,0,0,0,0,0
"small","candidate","main (f23a3a9)","+50ms/5mbit",13.32,0.4,4,8,,16,3,300,1228800,8309,8285,8749,24,0.14,36.11,7108.79,1449968,211.95,348.04,6.74,11616256,4,49,4,4,0,0,0,0,0
"small","candidate","main (f23a3a9)","+50ms/5mbit",13.32,0.4,4,16,,16,3,300,1228800,6044,5939,6085,41,0.19,49.64,4820.93,1449968,191.78,304.65,7.91,11878400,4,57,4,4,0,0,0,0,0
"small","candidate","main (f23a3a9)","+50ms/5mbit",13.32,0.4,4,32,,16,3,300,1228800,4981,4747,7483,234,0.24,60.23,3728.33,1449968,168.05,241.06,7.97,12009472,5,73,4,4,0,0,0,0,0
"small","candidate","main (f23a3a9)","+50ms/5mbit",13.32,0.4,4,64,,16,3,300,1228800,5238,4880,5409,171,0.22,57.27,3920.8,1449968,188.62,240.55,8.39,12435456,5,105,4,4,0,0,0,0,0
"small","candidate","main (f23a3a9)","+50ms/5mbit",13.32,0.4,8,1,,16,3,300,1228800,39243,38213,39518,275,0.03,7.64,37988.45,1445040,360.29,510.56,2.24,11091968,3,15,1,1,0,0,0,0,0
"small","candidate","main (f23a3a9)","+50ms/5mbit",13.32,0.4,8,2,,16,3,300,1228800,20768,20640,21447,128,0.06,14.45,19589.45,1446648,274.92,455.96,3.41,11354112,4,25,2,2,0,0,0,0,0
"small","candidate","main (f23a3a9)","+50ms/5mbit",13.32,0.4,8,4,,16,3,300,1228800,12757,12424,12785,28,0.09,23.52,11524.68,1449968,258.91,405.85,5.32,11808768,4,45,4,4,0,0,0,0,0
"small","candidate","main (f23a3a9)","+50ms/5mbit",13.32,0.4,8,8,,16,3,300,1228800,9044,8879,9166,122,0.13,33.17,7754.41,1456608,248.21,393.25,6.99,12271616,4,85,8,8,0,0,0,0,0
"small","candidate","main (f23a3a9)","+50ms/5mbit",13.32,0.4,8,16,,16,3,300,1228800,7056,6980,7187,76,0.17,42.52,5810.8,1456608,230.85,343.94,8.06,11988992,5,93,8,8,0,0,0,0,0
"small","candidate","main (f23a3a9)","+50ms/5mbit",13.32,0.4,8,32,,16,3,300,1228800,5992,5828,6274,164,0.2,50.07,4681.62,1456608,202.36,300.74,8.04,12595200,5,109,8,8,0,0,0,0,0
"small","candidate","main (f23a3a9)","+50ms/5mbit",13.32,0.4,8,64,,16,3,300,1228800,5918,5719,6165,199,0.2,50.69,4657.07,1456608,203.68,294.92,8.14,12644352,6,141,8,8,0,0,0,0,0
"sync","candidate","main (f23a3a9)","+50ms/5mbit",13.32,0.4,1,1,,16,3,3,505344,2502,2363,2771,139,0.19,1.2,1253.83,553960,119.13,78.87,7.8,11808768,6,19,1,1,0,0,0,0,0
"sync","candidate","main (f23a3a9)","+50ms/5mbit",13.32,0.4,1,2,,16,3,3,506880,2079,2032,2258,47,0.23,1.44,1047.91,555496,102.3,66.26,7.76,11878400,6,18,1,1,0,0,0,0,0
"sync","candidate","main (f23a3a9)","+50ms/5mbit",13.32,0.4,1,4,,16,3,3,508416,1976,1879,2235,97,0.25,1.52,937.45,557032,113.69,67.33,9.46,12259328,7,18,1,1,0,0,0,0,0
"sync","candidate","main (f23a3a9)","+50ms/5mbit",13.32,0.4,1,8,,16,3,3,509952,1962,1892,2023,61,0.25,1.53,881.81,558568,119.3,72.07,9.8,13168640,7,22,1,1,0,0,0,0,0
"sync","candidate","main (f23a3a9)","+50ms/5mbit",13.32,0.4,1,16,,16,3,3,511488,2094,1764,2148,54,0.23,1.43,1050.94,560104,146.24,64.62,11.01,13033472,8,30,1,1,0,0,0,0,0
"sync","candidate","main (f23a3a9)","+50ms/5mbit",13.32,0.4,1,32,,16,3,3,513024,1848,1698,2249,150,0.26,1.62,802.42,561640,145.16,73.7,12,12816384,8,38,1,1,0,0,0,0,0
"sync","candidate","main (f23a3a9)","+50ms/5mbit",13.32,0.4,1,64,,16,3,3,514560,2157,1999,2194,37,0.23,1.39,934.06,563176,188.46,88.98,13.07,13582336,8,78,1,1,0,0,0,0,0
"sync","candidate","main (f23a3a9)","+50ms/5mbit",13.32,0.4,2,1,,16,3,3,516096,2514,2384,2576,62,0.2,1.19,1334.19,564712,113.27,80.91,7.58,12001280,6,18,1,1,0,0,0,0,0
"sync","candidate","main (f23a3a9)","+50ms/5mbit",13.32,0.4,2,2,,16,3,3,517632,1845,1816,2468,29,0.27,1.63,838.67,567908,110.68,68.8,9.59,12070912,6,27,2,2,0,0,0,0,0
"sync","candidate","main (f23a3a9)","+50ms/5mbit",13.32,0.4,2,4,,16,3,3,519168,1748,1735,2040,13,0.28,1.72,684.91,569444,140.2,80.07,12.03,12353536,7,27,2,2,0,0,0,0,0
"sync","candidate","main (f23a3a9)","+50ms/5mbit",13.32,0.4,2,8,,16,3,3,520704,1926,1814,2082,112,0.26,1.56,824.05,570980,137.1,81.87,11.76,12935168,8,27,2,2,0,0,0,0,0
"sync","candidate","main (f23a3a9)","+50ms/5mbit",13.32,0.4,2,16,,16,3,3,522240,1931,1810,2263,121,0.26,1.55,841.31,572516,143.53,81.26,11.63,12677120,8,30,2,2,0,0,0,0,0
"sync","candidate","main (f23a3a9)","+50ms/5mbit",13.32,0.4,2,32,,16,3,3,523776,2099,2080,2277,19,0.24,1.43,1011.34,574052,139.47,75.89,9.9,13148160,8,46,2,2,0,0,0,0,0
"sync","candidate","main (f23a3a9)","+50ms/5mbit",13.32,0.4,2,64,,16,3,3,525312,1972,1697,2019,47,0.25,1.52,928.54,575588,158.67,101.68,15.28,14266368,8,78,2,2,0,0,0,0,0
"sync","candidate","main (f23a3a9)","+50ms/5mbit",13.32,0.4,4,1,,16,3,3,526848,2619,2557,2731,62,0.19,1.15,1376.67,575464,120.27,70.89,8,12136448,6,19,1,1,0,0,0,0,0
"sync","candidate","main (f23a3a9)","+50ms/5mbit",13.32,0.4,4,2,,16,3,3,528384,2342,2201,2469,127,0.22,1.28,1195.05,578660,116.49,79.28,8.33,11878400,6,27,2,2,0,0,0,0,0
"sync","candidate","main (f23a3a9)","+50ms/5mbit",13.32,0.4,4,4,,16,3,3,529920,2040,1945,2151,95,0.25,1.47,1023.11,581856,146.07,94.03,11.67,12402688,8,36,3,3,0,0,0,0,0
"sync","candidate","main (f23a3a9)","+50ms/5mbit",13.32,0.4,4,8,,16,3,3,531456,2193,2125,2455,68,0.23,1.37,1251.23,583392,136.98,106.92,11.33,13000704,8,37,3,3,0,0,0,0,0
"sync","candidate","main (f23a3a9)","+50ms/5mbit",13.32,0.4,4,16,,16,3,3,532992,2139,2132,2343,7,0.24,1.4,1069.07,584928,183.13,107.11,12.78,12210176,7,36,3,3,0,0,0,0,0
"sync","candidate","main (f23a3a9)","+50ms/5mbit",13.32,0.4,4,32,,16,3,3,534528,2248,1942,2391,143,0.23,1.33,1057.22,586464,167.73,91.9,11.76,12951552,8,46,3,3,0,0,0,0,0
"sync","candidate","main (f23a3a9)","+50ms/5mbit",13.32,0.4,4,64,,16,3,3,536064,2176,2142,2283,34,0.23,1.38,1042.65,588000,178.25,89.67,12.4,13488128,8,78,3,3,0,0,0,0,0
"sync","candidate","main (f23a3a9)","+50ms/5mbit",13.32,0.4,8,1,,16,3,3,537600,2582,2326,2691,109,0.2,1.16,1426.22,586528,141.8,84.36,9.28,11677696,6,18,1,1,0,0,0,0,0
"sync","candidate","main (f23a3a9)","+50ms/5mbit",13.32,0.4,8,2,,16,3,3,539136,2227,2224,2379,3,0.23,1.35,1162.04,589724,117.48,62.65,8.62,11878400,6,27,2,2,0,0,0,0,0
"sync","candidate","main (f23a3a9)","+50ms/5mbit",13.32,0.4,8,4,,16,3,3,540672,2601,2294,2677,76,0.2,1.15,1404.5,592920,137.66,104.14,10.53,12353536,8,36,3,3,0,0,0,0,0
"sync","candidate","main (f23a3a9)","+50ms/5mbit",13.32,0.4,8,8,,16,3,3,542208,2418,2405,2584,13,0.21,1.24,1321.63,594456,141.53,96.16,9.87,12984320,8,36,3,3,0,0,0,0,0
"sync","candidate","main (f23a3a9)","+50ms/5mbit",13.32,0.4,8,16,,16,3,3,543744,2138,1983,2199,61,0.24,1.4,1114.28,595992,129,76.04,10.32,12726272,8,36,3,3,0,0,0,0,0
"sync","candidate","main (f23a3a9)","+50ms/5mbit",13.32,0.4,8,32,,16,3,3,545280,2225,2084,2453,141,0.23,1.35,1126.51,597528,143.28,84.56,10.23,13185024,8,46,3,3,0,0,0,0,0
"sync","candidate","main (f23a3a9)","+50ms/5mbit",13.32,0.4,8,64,,16,3,3,546816,2292,2167,2711,125,0.23,1.31,1214.7,599064,183.58,88.43,11.93,13520896,8,77,3,3,0,0,0,0,0
"calib-100x64k","candidate","main (f23a3a9)","baseline",13.07,0.38,1,1,,16,3,100,6553600,24128,24093,24663,35,0.26,4.14,22977.97,6645228,196.74,264.08,1.91,9973760,1,15,1,1,0,0,0,0,0
"calib-100x64k","candidate","main (f23a3a9)","baseline",13.07,0.38,1,2,,16,3,100,6553600,20166,19769,20404,238,0.31,4.96,18980.83,6645228,160.9,220.33,1.9,10170368,1,16,1,1,0,0,0,0,0
"calib-100x64k","candidate","main (f23a3a9)","baseline",13.07,0.38,1,4,,16,3,100,6553600,17024,16547,18173,477,0.37,5.87,15851.06,6645228,146.04,183.48,1.92,10043392,1,18,1,1,0,0,0,0,0
"calib-100x64k","candidate","main (f23a3a9)","baseline",13.07,0.38,1,8,,16,3,100,6553600,16054,14843,16412,358,0.39,6.23,14882.84,6645228,147.54,160.86,1.98,10506240,1,22,1,1,0,0,0,0,0
"calib-100x64k","candidate","main (f23a3a9)","baseline",13.07,0.38,1,16,,16,3,100,6553600,16637,16388,16832,195,0.38,6.01,15492.81,6645228,148.12,161.58,1.95,10436608,1,30,1,1,0,0,0,0,0
"calib-100x64k","candidate","main (f23a3a9)","baseline",13.07,0.38,1,32,,16,3,100,6553600,17609,14910,18887,1278,0.35,5.68,16436.99,6645228,138.6,167.59,1.79,10698752,1,46,1,1,0,0,0,0,0
"calib-100x64k","candidate","main (f23a3a9)","baseline",13.07,0.38,1,64,,16,3,100,6553600,17317,15577,22903,1740,0.36,5.77,16101.29,6645228,153.15,176.93,1.79,12005376,2,78,1,1,0,0,0,0,0
"calib-100x64k","candidate","main (f23a3a9)","baseline",13.07,0.38,2,1,,16,3,100,6553600,24899,24160,32495,739,0.25,4.02,23624.69,6645228,182.89,287.21,1.82,10174464,1,15,1,1,0,0,0,0,0
"calib-100x64k","candidate","main (f23a3a9)","baseline",13.07,0.38,2,2,,16,3,100,6553600,14780,14663,14793,13,0.42,6.77,13597.89,6646888,162.81,236.13,2.7,10436608,1,25,2,2,0,0,0,0,0
"calib-100x64k","candidate","main (f23a3a9)","baseline",13.07,0.38,2,4,,16,3,100,6553600,12127,11930,12512,197,0.52,8.25,10983.06,6646888,150.2,196.09,2.9,10366976,1,27,2,2,0,0,0,0,0
"calib-100x64k","candidate","main (f23a3a9)","baseline",13.07,0.38,2,8,,16,3,100,6553600,10844,10567,11600,277,0.58,9.22,9648.4,6646888,144.46,178.8,3.02,10244096,1,31,2,2,0,0,0,0,0
"calib-100x64k","candidate","main (f23a3a9)","baseline",13.07,0.38,2,16,,16,3,100,6553600,10895,10095,11727,800,0.57,9.18,9607.22,6646888,137.11,152.64,2.77,10629120,1,39,2,2,0,0,0,0,0
"calib-100x64k","candidate","main (f23a3a9)","baseline",13.07,0.38,2,32,,16,3,100,6553600,9743,9585,11521,158,0.64,10.26,8585.71,6646888,149.64,170.82,3.21,10960896,1,55,2,2,0,0,0,0,0
"calib-100x64k","candidate","main (f23a3a9)","baseline",13.07,0.38,2,64,,16,3,100,6553600,11017,10010,12121,1007,0.57,9.08,9823.61,6646888,157.51,165.32,2.9,12079104,2,87,2,2,0,0,0,0,0
"calib-100x64k","candidate","main (f23a3a9)","baseline",13.07,0.38,4,1,,16,3,100,6553600,24977,23552,28352,1425,0.25,4,23791.91,6645228,200.13,280.41,1.87,10305536,1,15,1,1,0,0,0,0,0
"calib-100x64k","candidate","main (f23a3a9)","baseline",13.07,0.38,4,2,,16,3,100,6553600,14358,13992,15117,366,0.44,6.96,13148.72,6646888,171.22,216.78,2.7,10375168,1,25,2,2,0,0,0,0,0
"calib-100x64k","candidate","main (f23a3a9)","baseline",13.07,0.38,4,4,,16,3,100,6553600,10043,9931,10767,112,0.62,9.96,8827.35,6650208,182.7,211.98,3.97,10375168,1,45,4,4,0,0,0,0,0
"calib-100x64k","candidate","main (f23a3a9)","baseline",13.07,0.38,4,8,,16,3,100,6553600,8793,8489,9461,304,0.71,11.37,7598.31,6650208,162.39,189.24,3.85,11481088,2,49,4,4,0,0,0,0,0
"calib-100x64k","candidate","main (f23a3a9)","baseline",13.07,0.38,4,16,,16,3,100,6553600,7964,7945,8372,19,0.78,12.56,6766.93,6650208,143.09,175.52,3.81,11878400,2,57,4,4,0,0,0,0,0
"calib-100x64k","candidate","main (f23a3a9)","baseline",13.07,0.38,4,32,,16,3,100,6553600,7729,7574,8119,155,0.81,12.94,6540.79,6650208,159.73,150.57,3.84,11616256,2,73,4,4,0,0,0,0,0
"calib-100x64k","candidate","main (f23a3a9)","baseline",13.07,0.38,4,64,,16,3,100,6553600,7725,7633,8613,92,0.81,12.94,6553.92,6650208,137.91,169.56,4.03,12201984,2,105,4,4,0,0,0,0,0
"calib-100x64k","candidate","main (f23a3a9)","baseline",13.07,0.38,8,1,,16,3,100,6553600,24910,23304,25274,364,0.25,4.01,23764.09,6645228,195.13,269.83,1.9,10174464,1,16,1,1,0,0,0,0,0
"calib-100x64k","candidate","main (f23a3a9)","baseline",13.07,0.38,8,2,,16,3,100,6553600,14342,13459,14709,367,0.44,6.97,13159.43,6646888,165.61,207.69,2.67,9908224,1,25,2,2,0,0,0,0,0
"calib-100x64k","candidate","main (f23a3a9)","baseline",13.07,0.38,8,4,,16,3,100,6553600,10408,9435,10983,575,0.6,9.61,9213.04,6650208,165.22,221.76,3.9,10698752,1,45,4,4,0,0,0,0,0
"calib-100x64k","candidate","main (f23a3a9)","baseline",13.07,0.38,8,8,,16,3,100,6553600,8648,8174,8801,153,0.72,11.56,7411.08,6656848,173.96,242.11,4.97,11743232,2,85,8,8,0,0,0,0,0
"calib-100x64k","candidate","main (f23a3a9)","baseline",13.07,0.38,8,16,,16,3,100,6553600,8040,7755,8336,285,0.78,12.44,6774.45,6656848,156.12,201.24,4.48,11485184,2,93,8,8,0,0,0,0,0
"calib-100x64k","candidate","main (f23a3a9)","baseline",13.07,0.38,8,32,,16,3,100,6553600,7639,7378,8197,261,0.82,13.09,6380,6656848,170.38,204.08,4.65,12009472,3,109,8,8,0,0,0,0,0
"calib-100x64k","candidate","main (f23a3a9)","baseline",13.07,0.38,8,64,,16,3,100,6553600,7363,7142,7839,221,0.85,13.58,6085.96,6656848,159.09,187.78,4.73,13320192,3,141,8,8,0,0,0,0,0
"large","candidate","main (f23a3a9)","baseline",13.07,0.38,1,1,1,1,3,2,33554432,81883,81183,82955,700,0.39,0.02,81275.29,33665220,508.53,687.7,1.41,9228288,0,15,1,1,0,0,0,0,0
"large","candidate","main (f23a3a9)","baseline",13.07,0.38,1,1,16,16,3,2,33554432,82065,81671,83786,394,0.39,0.02,81461.69,33665220,516.51,668.61,1.44,9228288,0,15,1,1,0,0,0,0,0
"large","candidate","main (f23a3a9)","baseline",13.07,0.38,1,1,64,64,3,2,33554432,85089,83254,85274,185,0.38,0.02,84505.26,33665220,500.27,663.28,1.36,9228288,0,15,1,1,0,0,0,0,0
"large","candidate","main (f23a3a9)","baseline",13.07,0.38,1,2,1,1,3,2,33554432,79471,69455,80177,706,0.4,0.03,78874.4,33665220,478.62,445.43,1.23,9228288,0,16,1,1,0,0,0,0,0
"large","candidate","main (f23a3a9)","baseline",13.07,0.38,1,2,16,16,3,2,33554432,69744,66572,70601,857,0.46,0.03,69159.27,33665220,455.97,434.4,1.32,9228288,0,16,1,1,0,0,0,0,0
"large","candidate","main (f23a3a9)","baseline",13.07,0.38,1,2,64,64,3,2,33554432,77704,75183,81028,2521,0.41,0.03,77099.77,33665220,465.43,434.33,1.19,9228288,0,16,1,1,0,0,0,0,0
"large","candidate","main (f23a3a9)","baseline",13.07,0.38,2,1,1,1,3,2,33554432,85228,83408,90859,1820,0.38,0.02,84633.51,33665220,530.27,663.2,1.39,9228288,0,15,1,1,0,0,0,0,0
"large","candidate","main (f23a3a9)","baseline",13.07,0.38,2,1,16,16,3,2,33554432,85414,84189,89736,1225,0.37,0.02,84770.52,33665220,509.38,684.34,1.4,9228288,0,15,1,1,0,0,0,0,0
"large","candidate","main (f23a3a9)","baseline",13.07,0.38,2,1,64,64,3,2,33554432,83618,83038,84451,580,0.38,0.02,83014.8,33665220,500.65,666.07,1.41,9228288,0,15,1,1,0,0,0,0,0
"large","candidate","main (f23a3a9)","baseline",13.07,0.38,2,2,1,1,3,2,33554432,48891,47783,49398,507,0.65,0.04,48277.69,33666880,422.48,522.47,1.96,9228288,0,25,2,2,0,0,0,0,0
"large","candidate","main (f23a3a9)","baseline",13.07,0.38,2,2,16,16,3,2,33554432,49135,48788,49269,134,0.65,0.04,48543.04,33666880,396.38,547.26,1.92,9228288,0,25,2,2,0,0,0,0,0
"large","candidate","main (f23a3a9)","baseline",13.07,0.38,2,2,64,64,3,2,33554432,49048,47464,49414,366,0.65,0.04,48431.43,33666880,422.72,535.68,1.95,9228288,0,25,2,2,0,0,0,0,0
"single","candidate","main (f23a3a9)","baseline",13.07,0.38,1,1,1,1,3,1,33554432,82581,82325,83003,256,0.39,0.01,82081.1,33664084,525.22,676.18,1.44,9228288,0,15,1,1,0,0,0,0,0
"single","candidate","main (f23a3a9)","baseline",13.07,0.38,1,1,16,16,3,1,33554432,83455,82195,94976,1260,0.38,0.01,82956.73,33664084,492.71,672.16,1.39,9228288,0,15,1,1,0,0,0,0,0
"single","candidate","main (f23a3a9)","baseline",13.07,0.38,1,1,64,64,3,1,33554432,82808,82397,84599,411,0.39,0.01,82305.7,33664084,513.36,674.58,1.44,9228288,0,15,1,1,0,0,0,0,0
"small","candidate","main (f23a3a9)","baseline",13.07,0.38,1,1,,16,3,300,1228800,39304,37756,41791,1548,0.03,7.63,38093.87,1445040,367.52,504.79,2.21,11030528,3,15,1,1,0,0,0,0,0
"small","candidate","main (f23a3a9)","baseline",13.07,0.38,1,2,,16,3,300,1228800,22437,20863,22592,155,0.05,13.37,21250.74,1444988,265.49,398.24,3.1,11091968,3,16,1,1,0,0,0,0,0
"small","candidate","main (f23a3a9)","baseline",13.07,0.38,1,4,,16,3,300,1228800,13203,13162,14500,41,0.09,22.72,12022.96,1444988,212.03,319.89,3.96,11354112,4,18,1,1,0,0,0,0,0
"small","candidate","main (f23a3a9)","baseline",13.07,0.38,1,8,,16,3,300,1228800,8087,7463,8172,85,0.14,37.1,6873.97,1444988,166.05,247.39,5.15,11354112,4,22,1,1,0,0,0,0,0
"small","candidate","main (f23a3a9)","baseline",13.07,0.38,1,16,,16,3,300,1228800,7062,5997,7810,748,0.17,42.48,5878.2,1444988,157.42,183.42,4.79,11554816,4,30,1,1,0,0,0,0,0
"small","candidate","main (f23a3a9)","baseline",13.07,0.38,1,32,,16,3,300,1228800,7260,6374,7952,692,0.16,41.32,6089.08,1444988,156.84,186.09,4.84,11747328,4,46,1,1,0,0,0,0,0
"small","candidate","main (f23a3a9)","baseline",13.07,0.38,1,64,,16,3,300,1228800,7413,7162,7576,163,0.16,40.47,6256.09,1444988,161.82,197.78,4.89,12124160,5,78,1,1,0,0,0,0,0
"small","candidate","main (f23a3a9)","baseline",13.07,0.38,2,1,,16,3,300,1228800,38615,38202,40878,413,0.03,7.77,37462.18,1445040,338.09,523.3,2.13,11223040,3,15,1,1,0,0,0,0,0
"small","candidate","main (f23a3a9)","baseline",13.07,0.38,2,2,,16,3,300,1228800,20709,20029,20951,242,0.06,14.49,19524.58,1446648,280.55,437.04,3.48,11423744,3,25,2,2,0,0,0,0,0
"small","candidate","main (f23a3a9)","baseline",13.07,0.38,2,4,,16,3,300,1228800,13106,12806,13120,14,0.09,22.89,11905.65,1446648,234.39,414.81,4.96,11284480,4,27,2,2,0,0,0,0,0
"small","candidate","main (f23a3a9)","baseline",13.07,0.38,2,8,,16,3,300,1228800,8520,8322,8929,198,0.14,35.21,7317.08,1446648,206.73,308.31,6.04,11354112,4,31,2,2,0,0,0,0,0
"small","candidate","main (f23a3a9)","baseline",13.07,0.38,2,16,,16,3,300,1228800,5615,5090,5911,296,0.21,53.43,4307.65,1446648,186.82,232.63,7.53,11747328,4,39,2,2,0,0,0,0,0
"small","candidate","main (f23a3a9)","baseline",13.07,0.38,2,32,,16,3,300,1228800,5676,5147,5760,84,0.21,52.85,4453.26,1446648,170.31,198.67,6.5,11878400,4,55,2,2,0,0,0,0,0
"small","candidate","main (f23a3a9)","baseline",13.07,0.38,2,64,,16,3,300,1228800,5228,4721,5633,405,0.22,57.38,3987.29,1446648,176.64,192.06,7.44,12079104,5,87,2,2,0,0,0,0,0
"small","candidate","main (f23a3a9)","baseline",13.07,0.38,4,1,,16,3,300,1228800,38719,37935,39405,686,0.03,7.75,37536.93,1445040,338.38,518.42,2.25,11161600,3,15,1,1,0,0,0,0,0
"small","candidate","main (f23a3a9)","baseline",13.07,0.38,4,2,,16,3,300,1228800,20985,19922,21892,907,0.06,14.3,19707.62,1446648,267.08,444.18,3.44,11218944,4,25,2,2,0,0,0,0,0
"small","candidate","main (f23a3a9)","baseline",13.07,0.38,4,4,,16,3,300,1228800,12131,11673,12456,325,0.1,24.73,10922,1449968,265.14,436.85,5.71,11485184,4,45,4,4,0,0,0,0,0
"small","candidate","main (f23a3a9)","baseline",13.07,0.38,4,8,,16,3,300,1228800,8593,8225,8836,243,0.14,34.91,7334.03,1449968,220.85,354.2,6.89,11878400,4,49,4,4,0,0,0,0,0
"small","candidate","main (f23a3a9)","baseline",13.07,0.38,4,16,,16,3,300,1228800,6253,6232,6263,10,0.19,47.98,5024.15,1449968,174.13,289.77,7.54,11628544,4,57,4,4,0,0,0,0,0
"small","candidate","main (f23a3a9)","baseline",13.07,0.38,4,32,,16,3,300,1228800,5026,4721,5420,305,0.23,59.69,3820.77,1449968,160.01,257.37,8.85,12009472,5,73,4,4,0,0,0,0,0
"small","candidate","main (f23a3a9)","baseline",13.07,0.38,4,64,,16,3,300,1228800,4493,4349,5241,144,0.26,66.77,3219.11,1449968,188.6,230.76,9.33,12533760,5,105,4,4,0,0,0,0,0
"small","candidate","main (f23a3a9)","baseline",13.07,0.38,8,1,,16,3,300,1228800,40129,39403,40402,273,0.03,7.48,38938.58,1445040,325.85,524.74,2.11,10899456,3,15,1,1,0,0,0,0,0
"small","candidate","main (f23a3a9)","baseline",13.07,0.38,8,2,,16,3,300,1228800,21538,20220,21964,426,0.05,13.93,20301.82,1446648,289.3,446.43,3.36,11223040,4,25,2,2,0,0,0,0,0
"small","candidate","main (f23a3a9)","baseline",13.07,0.38,8,4,,16,3,300,1228800,12061,11938,12318,123,0.1,24.87,10822.57,1449968,268.31,383.09,5.33,11616256,4,45,4,4,0,0,0,0,0
"small","candidate","main (f23a3a9)","baseline",13.07,0.38,8,8,,16,3,300,1228800,8944,8589,9454,355,0.13,33.54,7657.73,1456608,253.47,400.21,7.37,12095488,5,85,8,8,0,0,0,0,0
"small","candidate","main (f23a3a9)","baseline",13.07,0.38,8,16,,16,3,300,1228800,7045,6984,7121,61,0.17,42.58,5735.52,1456608,236.48,346.16,8.22,12009472,5,93,8,8,0,0,0,0,0
"small","candidate","main (f23a3a9)","baseline",13.07,0.38,8,32,,16,3,300,1228800,5840,5759,6297,81,0.2,51.37,4489.6,1456608,258.88,364.48,9.93,12369920,5,109,8,8,0,0,0,0,0
"small","candidate","main (f23a3a9)","baseline",13.07,0.38,8,64,,16,3,300,1228800,5487,5481,5835,6,0.21,54.67,4209.32,1456608,198.16,255.9,8.28,12902400,6,141,8,8,0,0,0,0,0
"sync","candidate","main (f23a3a9)","baseline",13.07,0.38,1,1,,16,3,3,104448,1364,1360,1773,4,0.07,2.2,347.45,151816,111.94,66.39,11.53,12140544,6,18,1,1,0,0,0,0,0
"sync","candidate","main (f23a3a9)","baseline",13.07,0.38,1,2,,16,3,3,105984,1176,1167,1447,9,0.09,2.55,210.45,153352,97.3,58.45,13.04,11939840,6,18,1,1,0,0,0,0,0
"sync","candidate","main (f23a3a9)","baseline",13.07,0.38,1,4,,16,3,3,107520,1309,1112,1451,142,0.08,2.29,198.57,154888,104.21,76.36,14.62,12140544,7,18,1,1,0,0,0,0,0
"sync","candidate","main (f23a3a9)","baseline",13.07,0.38,1,8,,16,3,3,109056,1210,1133,1282,72,0.09,2.48,160.93,156424,111.7,68.48,15.56,12795904,7,22,1,1,0,0,0,0,0
"sync","candidate","main (f23a3a9)","baseline",13.07,0.38,1,16,,16,3,3,110592,1185,1064,1241,56,0.09,2.53,170.45,157960,114.14,71.48,15.77,12976128,7,30,1,1,0,0,0,0,0
"sync","candidate","main (f23a3a9)","baseline",13.07,0.38,1,32,,16,3,3,112128,1155,1091,1425,64,0.09,2.6,126.84,159496,151.42,99.85,21.7,12976128,8,46,1,1,0,0,0,0,0
"sync","candidate","main (f23a3a9)","baseline",13.07,0.38,1,64,,16,3,3,113664,1177,1152,1310,25,0.09,2.55,183.45,161032,113.17,78.17,16.2,13303808,8,78,1,1,0,0,0,0,0
"sync","candidate","main (f23a3a9)","baseline",13.07,0.38,2,1,,16,3,3,115200,1367,1341,1629,26,0.08,2.19,363.06,162568,88.75,58.45,10.96,12140544,6,18,1,1,0,0,0,0,0
"sync","candidate","main (f23a3a9)","baseline",13.07,0.38,2,2,,16,3,3,116736,1531,1435,1677,96,0.07,1.96,543.9,165764,104.43,57.04,10.47,11878400,6,28,2,2,0,0,0,0,0
"sync","candidate","main (f23a3a9)","baseline",13.07,0.38,2,4,,16,3,3,118272,1583,1444,1591,8,0.07,1.9,469.57,167300,123.74,64.16,12.09,12533760,7,27,2,2,0,0,0,0,0
"sync","candidate","main (f23a3a9)","baseline",13.07,0.38,2,8,,16,3,3,119808,1633,1417,1651,18,0.07,1.84,501.12,168836,132.44,83.17,15.17,12726272,7,27,2,2,0,0,0,0,0
"sync","candidate","main (f23a3a9)","baseline",13.07,0.38,2,16,,16,3,3,121344,1405,1396,1550,9,0.08,2.14,457.59,170372,122.93,63.78,13.24,12791808,7,30,2,2,0,0,0,0,0
"sync","candidate","main (f23a3a9)","baseline",13.07,0.38,2,32,,16,3,3,122880,1491,1372,1501,10,0.08,2.01,434.76,171908,165.78,73.06,18.45,12795904,8,46,2,2,0,0,0,0,0
"sync","candidate","main (f23a3a9)","baseline",13.07,0.38,2,64,,16,3,3,124416,1571,1388,1670,99,0.08,1.91,526.25,173444,120.18,69.54,12.27,13496320,8,78,2,2,0,0,0,0,0
"sync","candidate","main (f23a3a9)","baseline",13.07,0.38,4,1,,16,3,3,125952,1388,1244,1423,35,0.09,2.16,327.13,173320,106.77,54.54,11.3,12271616,6,18,1,1,0,0,0,0,0
"sync","candidate","main (f23a3a9)","baseline",13.07,0.38,4,2,,16,3,3,127488,1543,1483,1556,13,0.08,1.94,527.05,176516,122.19,75.71,13.09,12140544,7,28,2,2,0,0,0,0,0
"sync","candidate","main (f23a3a9)","baseline",13.07,0.38,4,4,,16,3,3,129024,1762,1695,2070,67,0.07,1.7,765.96,179712,121.65,73.6,11.01,12402688,7,36,3,3,0,0,0,0,0
"sync","candidate","main (f23a3a9)","baseline",13.07,0.38,4,8,,16,3,3,130560,1771,1768,2283,3,0.07,1.69,755.55,181248,132.76,97.94,13.01,12619776,8,36,3,3,0,0,0,0,0
"sync","candidate","main (f23a3a9)","baseline",13.07,0.38,4,16,,16,3,3,132096,1907,1846,1930,23,0.07,1.57,822.47,182784,133.87,84.28,10.94,12812288,8,36,3,3,0,0,0,0,0
"sync","candidate","main (f23a3a9)","baseline",13.07,0.38,4,32,,16,3,3,133632,2034,1758,2152,118,0.06,1.47,850.44,184320,125.55,84.79,10.21,13336576,8,46,3,3,0,0,0,0,0
"sync","candidate","main (f23a3a9)","baseline",13.07,0.38,4,64,,16,3,3,135168,1788,1772,1933,16,0.07,1.68,789.06,185856,132.03,81.84,10.89,14168064,7,78,3,3,0,0,0,0,0
"sync","candidate","main (f23a3a9)","baseline",13.07,0.38,8,1,,16,3,3,136704,1484,1306,1765,178,0.09,2.02,350,184072,117.35,57.95,13.2,11968512,6,19,1,1,0,0,0,0,0
"sync","candidate","main (f23a3a9)","baseline",13.07,0.38,8,2,,16,3,3,138240,1564,1409,1678,114,0.08,1.92,532.81,187268,132.69,78.68,14.78,12009472,6,28,2,2,0,0,0,0,0
"sync","candidate","main (f23a3a9)","baseline",13.07,0.38,8,4,,16,3,3,139776,1943,1920,2023,23,0.07,1.54,991.77,190464,110.46,75.78,9.5,12042240,7,36,3,3,0,0,0,0,0
"sync","candidate","main (f23a3a9)","baseline",13.07,0.38,8,8,,16,3,3,141312,1831,1728,1839,8,0.07,1.64,817.65,192000,125.48,82.45,12.55,12775424,8,36,3,3,0,0,0,0,0
"sync","candidate","main (f23a3a9)","baseline",13.07,0.38,8,16,,16,3,3,142848,1991,1853,1997,6,0.07,1.51,949.86,193536,129.18,93.97,10.59,13160448,8,36,3,3,0,0,0,0,0
"sync","candidate","main (f23a3a9)","baseline",13.07,0.38,8,32,,16,3,3,144384,1798,1782,1875,16,0.08,1.67,757.25,195384,164.44,99.56,14.79,13168640,8,46,3,3,0,0,0,0,0
"sync","candidate","main (f23a3a9)","baseline",13.07,0.38,8,64,,16,3,3,145920,2087,1747,2161,74,0.07,1.44,1105.15,196920,122.19,89.8,9.64,13582336,8,77,3,3,0,0,0,0,0
"calib-100x64k","candidate","main (f23a3a9)","baseline/5mbit",13.2,0.38,1,1,,16,3,100,6553600,23249,22944,23642,305,0.27,4.3,22061.81,6645228,188.43,258.01,1.94,10174464,1,15,1,1,0,0,0,0,0
"calib-100x64k","candidate","main (f23a3a9)","baseline/5mbit",13.2,0.38,1,2,,16,3,100,6553600,19276,19038,19672,238,0.32,5.19,18091.34,6645228,186.2,214.51,2.02,10104832,1,16,1,1,0,0,0,0,0
"calib-100x64k","candidate","main (f23a3a9)","baseline/5mbit",13.2,0.38,1,4,,16,3,100,6553600,16150,15748,16689,402,0.39,6.19,14962.88,6645228,159.5,181.44,2.1,10104832,1,18,1,1,0,0,0,0,0
"calib-100x64k","candidate","main (f23a3a9)","baseline/5mbit",13.2,0.38,1,8,,16,3,100,6553600,14781,14641,15287,140,0.42,6.77,13530.79,6645228,135.47,174.37,2.08,10436608,1,22,1,1,0,0,0,0,0
"calib-100x64k","candidate","main (f23a3a9)","baseline/5mbit",13.2,0.38,1,16,,16,3,100,6553600,15151,14872,15773,279,0.41,6.6,13995.3,6645228,138.26,161.92,2,10629120,1,30,1,1,0,0,0,0,0
"calib-100x64k","candidate","main (f23a3a9)","baseline/5mbit",13.2,0.38,1,32,,16,3,100,6553600,16259,15017,17273,1014,0.38,6.15,15077.65,6645228,144.21,169.91,2.04,10567680,1,46,1,1,0,0,0,0,0
"calib-100x64k","candidate","main (f23a3a9)","baseline/5mbit",13.2,0.38,1,64,,16,3,100,6553600,14735,14343,17217,392,0.42,6.79,13563.64,6645228,134.27,170.28,2.12,12070912,2,78,1,1,0,0,0,0,0
"calib-100x64k","candidate","main (f23a3a9)","baseline/5mbit",13.2,0.38,2,1,,16,3,100,6553600,24366,23705,26561,661,0.26,4.1,23184.81,6645228,185.36,264.91,1.77,10366976,1,15,1,1,0,0,0,0,0
"calib-100x64k","candidate","main (f23a3a9)","baseline/5mbit",13.2,0.38,2,2,,16,3,100,6553600,14590,14347,15181,243,0.43,6.85,13386.98,6646888,175.49,218.42,2.68,10104832,1,25,2,2,0,0,0,0,0
"calib-100x64k","candidate","main (f23a3a9)","baseline/5mbit",13.2,0.38,2,4,,16,3,100,6553600,12110,11631,12185,75,0.52,8.26,10926.12,6646888,148.51,176.27,2.79,10436608,1,27,2,2,0,0,0,0,0
"calib-100x64k","candidate","main (f23a3a9)","baseline/5mbit",13.2,0.38,2,8,,16,3,100,6553600,11449,10686,11494,45,0.55,8.73,10239.64,6646888,153.12,146.69,2.67,10305536,1,31,2,2,0,0,0,0,0
"calib-100x64k","candidate","main (f23a3a9)","baseline/5mbit",13.2,0.38,2,16,,16,3,100,6553600,10165,9576,10699,534,0.61,9.84,8938.33,6646888,139.47,156.85,2.84,10760192,1,39,2,2,0,0,0,0,0
"calib-100x64k","candidate","main (f23a3a9)","baseline/5mbit",13.2,0.38,2,32,,16,3,100,6553600,10357,10168,10391,34,0.6,9.66,9151.72,6646888,146.8,153.66,2.77,11153408,2,55,2,2,0,0,0,0,0
"calib-100x64k","candidate","main (f23a3a9)","baseline/5mbit",13.2,0.38,2,64,,16,3,100,6553600,10386,9957,10900,429,0.6,9.63,9122.51,6646888,138.6,163.44,2.78,12271616,2,87,2,2,0,0,0,0,0
"calib-100x64k","candidate","main (f23a3a9)","baseline/5mbit",13.2,0.38,4,1,,16,3,100,6553600,24410,24068,25790,342,0.26,4.1,23192,6645228,176.09,274.23,1.78,10174464,1,15,1,1,0,0,0,0,0
"calib-100x64k","candidate","main (f23a3a9)","baseline/5mbit",13.2,0.38,4,2,,16,3,100,6553600,14834,14485,15709,349,0.42,6.74,13609.75,6646888,159.97,230.35,2.63,10104832,1,25,2,2,0,0,0,0,0
"calib-100x64k","candidate","main (f23a3a9)","baseline/5mbit",13.2,0.38,4,4,,16,3,100,6553600,10065,9752,10928,313,0.62,9.94,8872.55,6650208,164.11,218.81,3.76,10698752,1,45,4,4,0,0,0,0,0
"calib-100x64k","candidate","main (f23a3a9)","baseline/5mbit",13.2,0.38,4,8,,16,3,100,6553600,9153,8493,9788,635,0.68,10.93,7948.09,6650208,147.89,186.38,3.53,11354112,2,49,4,4,0,0,0,0,0
"calib-100x64k","candidate","main (f23a3a9)","baseline/5mbit",13.2,0.38,4,16,,16,3,100,6553600,8267,8154,8303,36,0.76,12.1,7051.17,6650208,138.49,200.17,3.99,11554816,2,57,4,4,0,0,0,0,0
"calib-100x64k","candidate","main (f23a3a9)","baseline/5mbit",13.2,0.38,4,32,,16,3,100,6553600,7964,7477,8172,208,0.78,12.56,6759.28,6650208,150.73,176.68,4.38,11677696,2,73,4,4,0,0,0,0,0
"calib-100x64k","candidate","main (f23a3a9)","baseline/5mbit",13.2,0.38,4,64,,16,3,100,6553600,8139,7776,8307,168,0.77,12.29,6932.33,6650208,145.21,161.77,3.94,12271616,2,105,4,4,0,0,0,0,0
"calib-100x64k","candidate","main (f23a3a9)","baseline/5mbit",13.2,0.38,8,1,,16,3,100,6553600,24876,24840,24921,36,0.25,4.02,23631.14,6645228,188.84,267.52,1.85,10104832,1,15,1,1,0,0,0,0,0
"calib-100x64k","candidate","main (f23a3a9)","baseline/5mbit",13.2,0.38,8,2,,16,3,100,6553600,14752,14146,14877,125,0.42,6.78,13553.43,6646888,171.72,246.44,2.83,10174464,1,25,2,2,0,0,0,0,0
"calib-100x64k","candidate","main (f23a3a9)","baseline/5mbit",13.2,0.38,8,4,,16,3,100,6553600,9793,9629,10108,164,0.64,10.21,8624.84,6650208,159.92,232.19,4.07,10629120,1,45,4,4,0,0,0,0,0
"calib-100x64k","candidate","main (f23a3a9)","baseline/5mbit",13.2,0.38,8,8,,16,3,100,6553600,8608,8537,9428,71,0.73,11.62,7321.57,6656848,162.66,235.85,4.45,11423744,2,85,8,8,0,0,0,0,0
"calib-100x64k","candidate","main (f23a3a9)","baseline/5mbit",13.2,0.38,8,16,,16,3,100,6553600,8096,7835,8285,189,0.77,12.35,6796.27,6656848,183.32,198.79,4.85,11685888,2,93,8,8,0,0,0,0,0
"calib-100x64k","candidate","main (f23a3a9)","baseline/5mbit",13.2,0.38,8,32,,16,3,100,6553600,7542,7468,7810,74,0.83,13.26,6306.26,6656848,170.15,182.76,4.72,11878400,2,109,8,8,0,0,0,0,0
"calib-100x64k","candidate","main (f23a3a9)","baseline/5mbit",13.2,0.38,8,64,,16,3,100,6553600,7592,7433,7889,159,0.82,13.17,6328.11,6656848,158.46,190.15,4.45,13258752,2,141,8,8,0,0,0,0,0
"large","candidate","main (f23a3a9)","baseline/5mbit",13.2,0.38,1,1,1,1,3,2,33554432,84358,82999,84815,457,0.38,0.02,83782.36,33665220,514.02,680.72,1.41,10104832,0,15,1,1,0,0,0,0,0
"large","candidate","main (f23a3a9)","baseline/5mbit",13.2,0.38,1,1,16,16,3,2,33554432,83120,82887,83142,22,0.38,0.02,82513.54,33665220,525.03,651.15,1.41,10104832,0,15,1,1,0,0,0,0,0
"large","candidate","main (f23a3a9)","baseline/5mbit",13.2,0.38,1,1,64,64,3,2,33554432,85725,84026,92387,1699,0.37,0.02,85133.96,33665220,492.15,671.94,1.35,10104832,0,15,1,1,0,0,0,0,0
"large","candidate","main (f23a3a9)","baseline/5mbit",13.2,0.38,1,2,1,1,3,2,33554432,85010,69969,87836,2826,0.38,0.02,84417.93,33665220,512.61,481.94,1.17,10104832,0,16,1,1,0,0,0,0,0
"large","candidate","main (f23a3a9)","baseline/5mbit",13.2,0.38,1,2,16,16,3,2,33554432,83392,79585,85785,2393,0.38,0.02,82809.51,33665220,490.27,485.54,1.2,10104832,0,16,1,1,0,0,0,0,0
"large","candidate","main (f23a3a9)","baseline/5mbit",13.2,0.38,1,2,64,64,3,2,33554432,74374,69404,87277,4970,0.43,0.03,73771.26,33665220,461.24,455.28,1.23,10104832,0,16,1,1,0,0,0,0,0
"large","candidate","main (f23a3a9)","baseline/5mbit",13.2,0.38,2,1,1,1,3,2,33554432,84114,83709,85399,405,0.38,0.02,83518.86,33665220,508.15,645.66,1.39,10104832,0,15,1,1,0,0,0,0,0
"large","candidate","main (f23a3a9)","baseline/5mbit",13.2,0.38,2,1,16,16,3,2,33554432,83366,83353,84961,13,0.38,0.02,82782.1,33665220,499.33,678.88,1.43,10104832,0,15,1,1,0,0,0,0,0
"large","candidate","main (f23a3a9)","baseline/5mbit",13.2,0.38,2,1,64,64,3,2,33554432,83010,82849,83439,161,0.39,0.02,82399.94,33665220,487.74,695.56,1.41,10104832,0,15,1,1,0,0,0,0,0
"large","candidate","main (f23a3a9)","baseline/5mbit",13.2,0.38,2,2,1,1,3,2,33554432,49128,48178,49255,127,0.65,0.04,48510.85,33666880,394.98,546.28,2,10104832,0,25,2,2,0,0,0,0,0
"large","candidate","main (f23a3a9)","baseline/5mbit",13.2,0.38,2,2,16,16,3,2,33554432,47891,46774,52155,1117,0.67,0.04,47281.27,33666880,413.88,531.93,1.96,10104832,0,25,2,2,0,0,0,0,0
"large","candidate","main (f23a3a9)","baseline/5mbit",13.2,0.38,2,2,64,64,3,2,33554432,48659,48436,49194,223,0.66,0.04,48064.91,33666880,418.71,555.97,2.02,10104832,0,25,2,2,0,0,0,0,0
"single","candidate","main (f23a3a9)","baseline/5mbit",13.2,0.38,1,1,1,1,3,1,33554432,84080,83269,84479,399,0.38,0.01,83570.05,33664084,478,672.45,1.37,10104832,0,15,1,1,0,0,0,0,0
"single","candidate","main (f23a3a9)","baseline/5mbit",13.2,0.38,1,1,16,16,3,1,33554432,83479,83097,85401,382,0.38,0.01,83001.71,33664084,493.43,690.65,1.39,10104832,0,15,1,1,0,0,0,0,0
"single","candidate","main (f23a3a9)","baseline/5mbit",13.2,0.38,1,1,64,64,3,1,33554432,82841,82186,87284,655,0.39,0.01,82347.59,33664084,473.8,708.15,1.41,10104832,0,15,1,1,0,0,0,0,0
"small","candidate","main (f23a3a9)","baseline/5mbit",13.2,0.38,1,1,,16,3,300,1228800,39833,38753,39946,113,0.03,7.53,38661.9,1445040,359.58,493.1,2.14,10960896,3,15,1,1,0,0,0,0,0
"small","candidate","main (f23a3a9)","baseline/5mbit",13.2,0.38,1,2,,16,3,300,1228800,21010,19566,23658,1444,0.06,14.28,19788.42,1444988,259.1,392.35,3.14,11091968,3,16,1,1,0,0,0,0,0
"small","candidate","main (f23a3a9)","baseline/5mbit",13.2,0.38,1,4,,16,3,300,1228800,13448,12047,13492,44,0.09,22.31,12193.61,1444988,216.2,339.55,4.26,11223040,3,18,1,1,0,0,0,0,0
"small","candidate","main (f23a3a9)","baseline/5mbit",13.2,0.38,1,8,,16,3,300,1228800,8363,7900,8787,424,0.14,35.87,7214.63,1444988,176.82,231.02,4.84,11354112,4,22,1,1,0,0,0,0,0
"small","candidate","main (f23a3a9)","baseline/5mbit",13.2,0.38,1,16,,16,3,300,1228800,7913,7054,8243,330,0.15,37.91,6715.27,1444988,168.38,195.88,4.82,11485184,4,30,1,1,0,0,0,0,0
"small","candidate","main (f23a3a9)","baseline/5mbit",13.2,0.38,1,32,,16,3,300,1228800,7396,7283,7852,113,0.16,40.56,6242.84,1444988,151.03,214.57,4.69,11808768,4,46,1,1,0,0,0,0,0
"small","candidate","main (f23a3a9)","baseline/5mbit",13.2,0.38,1,64,,16,3,300,1228800,6986,6316,7247,261,0.17,42.94,5801.2,1444988,158.74,171.87,4.73,12406784,5,78,1,1,0,0,0,0,0
"small","candidate","main (f23a3a9)","baseline/5mbit",13.2,0.38,2,1,,16,3,300,1228800,38000,36933,38521,521,0.03,7.89,36842.9,1445040,344.42,514.53,2.24,10960896,3,15,1,1,0,0,0,0,0
"small","candidate","main (f23a3a9)","baseline/5mbit",13.2,0.38,2,2,,16,3,300,1228800,20362,20296,20945,66,0.06,14.73,19194.39,1446648,277.32,455.07,3.56,11485184,3,25,2,2,0,0,0,0,0
"small","candidate","main (f23a3a9)","baseline/5mbit",13.2,0.38,2,4,,16,3,300,1228800,13094,13006,13390,88,0.09,22.91,11902.62,1446648,248.19,400.58,4.9,11223040,4,27,2,2,0,0,0,0,0
"small","candidate","main (f23a3a9)","baseline/5mbit",13.2,0.38,2,8,,16,3,300,1228800,8602,8578,8613,11,0.14,34.88,7414.89,1446648,213.34,339.54,6.45,11616256,4,31,2,2,0,0,0,0,0
"small","candidate","main (f23a3a9)","baseline/5mbit",13.2,0.38,2,16,,16,3,300,1228800,5305,5067,5370,65,0.22,56.55,4125.77,1446648,182.62,244.63,8.18,11485184,4,39,2,2,0,0,0,0,0
"small","candidate","main (f23a3a9)","baseline/5mbit",13.2,0.38,2,32,,16,3,300,1228800,4973,4708,5877,265,0.24,60.33,3791.93,1446648,184.26,229.68,7.04,11685888,4,55,2,2,0,0,0,0,0
"small","candidate","main (f23a3a9)","baseline/5mbit",13.2,0.38,2,64,,16,3,300,1228800,5627,4922,5698,71,0.21,53.31,4382.8,1446648,156.37,204.83,6.78,11812864,5,87,2,2,0,0,0,0,0
"small","candidate","main (f23a3a9)","baseline/5mbit",13.2,0.38,4,1,,16,3,300,1228800,39540,36998,40006,466,0.03,7.59,38377.8,1445040,349.38,471.29,2.13,11153408,3,15,1,1,0,0,0,0,0
"small","candidate","main (f23a3a9)","baseline/5mbit",13.2,0.38,4,2,,16,3,300,1228800,20373,19845,20883,510,0.06,14.73,19217.84,1446648,265.38,435.57,3.48,11485184,4,25,2,2,0,0,0,0,0
"small","candidate","main (f23a3a9)","baseline/5mbit",13.2,0.38,4,4,,16,3,300,1228800,12198,12148,12629,50,0.1,24.59,11010.1,1449968,254.88,445.4,5.56,11354112,4,45,4,4,0,0,0,0,0
"small","candidate","main (f23a3a9)","baseline/5mbit",13.2,0.38,4,8,,16,3,300,1228800,8038,7925,8413,113,0.15,37.32,6824.51,1449968,213.87,334.78,6.63,11485184,4,49,4,4,0,0,0,0,0
"small","candidate","main (f23a3a9)","baseline/5mbit",13.2,0.38,4,16,,16,3,300,1228800,6230,6101,6463,129,0.19,48.15,4987.3,1449968,204.14,264.42,7.52,11939840,4,57,4,4,0,0,0,0,0
"small","candidate","main (f23a3a9)","baseline/5mbit",13.2,0.38,4,32,,16,3,300,1228800,4931,4845,5371,86,0.24,60.84,3716.1,1449968,194.24,265.29,8.65,11845632,5,73,4,4,0,0,0,0,0
"small","candidate","main (f23a3a9)","baseline/5mbit",13.2,0.38,4,64,,16,3,300,1228800,4895,4424,4983,88,0.24,61.29,3639.67,1449968,180.71,227.91,8.34,12664832,5,105,4,4,0,0,0,0,0
"small","candidate","main (f23a3a9)","baseline/5mbit",13.2,0.38,8,1,,16,3,300,1228800,39707,39535,40128,172,0.03,7.56,38523.29,1445040,357.69,509.38,2.19,11091968,3,15,1,1,0,0,0,0,0
"small","candidate","main (f23a3a9)","baseline/5mbit",13.2,0.38,8,2,,16,3,300,1228800,20923,20533,21191,268,0.06,14.34,19735.08,1446648,304.75,426.22,3.51,11292672,4,25,2,2,0,0,0,0,0
"small","candidate","main (f23a3a9)","baseline/5mbit",13.2,0.38,8,4,,16,3,300,1228800,12255,12129,12812,126,0.1,24.48,10974.25,1449968,280.52,405.12,5.52,11546624,4,45,4,4,0,0,0,0,0
"small","candidate","main (f23a3a9)","baseline/5mbit",13.2,0.38,8,8,,16,3,300,1228800,8846,8412,9291,434,0.13,33.91,7565.4,1456608,264.43,399.28,7.43,12152832,5,85,8,8,0,0,0,0,0
"small","candidate","main (f23a3a9)","baseline/5mbit",13.2,0.38,8,16,,16,3,300,1228800,7043,7023,7406,20,0.17,42.6,5789.57,1456608,239.01,326,7.84,12271616,5,93,8,8,0,0,0,0,0
"small","candidate","main (f23a3a9)","baseline/5mbit",13.2,0.38,8,32,,16,3,300,1228800,5801,5800,6214,1,0.2,51.72,4536.22,1456608,213.94,302.58,8.64,12533760,5,109,8,8,0,0,0,0,0
"small","candidate","main (f23a3a9)","baseline/5mbit",13.2,0.38,8,64,,16,3,300,1228800,5489,5223,5586,97,0.21,54.65,4224.34,1456608,229.2,328.28,10.31,12926976,6,141,8,8,0,0,0,0,0
"sync","candidate","main (f23a3a9)","baseline/5mbit",13.2,0.38,1,1,,16,3,3,371712,2201,2058,2487,143,0.16,1.36,970.51,420016,116.5,72.53,8.79,12591104,6,18,1,1,0,0,0,0,0
"sync","candidate","main (f23a3a9)","baseline/5mbit",13.2,0.38,1,2,,16,3,3,373248,1830,1732,2123,98,0.19,1.64,810.19,421552,95.51,59.61,8.34,11939840,6,18,1,1,0,0,0,0,0
"sync","candidate","main (f23a3a9)","baseline/5mbit",13.2,0.38,1,4,,16,3,3,374784,1728,1530,1769,41,0.21,1.74,598.41,423088,161.22,65.79,13.24,12201984,7,18,1,1,0,0,0,0,0
"sync","candidate","main (f23a3a9)","baseline/5mbit",13.2,0.38,1,8,,16,3,3,376320,1602,1590,1732,12,0.22,1.87,594.79,424624,122.36,71.75,11.67,12779520,8,22,1,1,0,0,0,0,0
"sync","candidate","main (f23a3a9)","baseline/5mbit",13.2,0.38,1,16,,16,3,3,377856,1995,1665,2119,124,0.18,1.5,915.57,426160,126.96,77.59,9.64,12926976,7,30,1,1,0,0,0,0,0
"sync","candidate","main (f23a3a9)","baseline/5mbit",13.2,0.38,1,32,,16,3,3,379392,1793,1649,2111,144,0.2,1.67,670.93,427696,141.85,87.5,12.53,13373440,8,46,1,1,0,0,0,0,0
"sync","candidate","main (f23a3a9)","baseline/5mbit",13.2,0.38,1,64,,16,3,3,380928,1824,1698,1961,126,0.2,1.64,753.34,429232,164.52,74.75,12.91,13144064,7,78,1,1,0,0,0,0,0
"sync","candidate","main (f23a3a9)","baseline/5mbit",13.2,0.38,2,1,,16,3,3,382464,1949,1785,2078,129,0.19,1.54,890.14,430768,102.71,68.86,8.94,12140544,6,19,1,1,0,0,0,0,0
"sync","candidate","main (f23a3a9)","baseline/5mbit",13.2,0.38,2,2,,16,3,3,384000,2137,1710,2434,297,0.17,1.4,1030.38,433964,139.68,87.16,10.61,11878400,6,27,2,2,0,0,0,0,0
"sync","candidate","main (f23a3a9)","baseline/5mbit",13.2,0.38,2,4,,16,3,3,385536,1893,1805,1953,60,0.19,1.58,696.64,435500,139.11,78.85,10.81,12464128,7,28,2,2,0,0,0,0,0
"sync","candidate","main (f23a3a9)","baseline/5mbit",13.2,0.38,2,8,,16,3,3,387072,1695,1670,1982,25,0.22,1.77,613.76,437036,132.99,71.58,12.05,12402688,8,27,2,2,0,0,0,0,0
"sync","candidate","main (f23a3a9)","baseline/5mbit",13.2,0.38,2,16,,16,3,3,388608,1790,1783,2224,7,0.21,1.68,684.32,438572,138.52,77.93,10.77,12759040,8,30,2,2,0,0,0,0,0
"sync","candidate","main (f23a3a9)","baseline/5mbit",13.2,0.38,2,32,,16,3,3,390144,1719,1717,1751,2,0.22,1.75,649.6,440108,142.37,88.13,13.39,13643776,7,27,2,2,0,0,0,0,0
"sync","candidate","main (f23a3a9)","baseline/5mbit",13.2,0.38,2,64,,16,3,3,391680,1906,1631,2163,257,0.2,1.57,856.9,441644,136.85,69.75,10.67,13774848,7,78,2,2,0,0,0,0,0
"sync","candidate","main (f23a3a9)","baseline/5mbit",13.2,0.38,4,1,,16,3,3,393216,2148,2076,2286,72,0.17,1.4,947.58,441520,127.12,83.2,9.84,12009472,6,18,1,1,0,0,0,0,0
"sync","candidate","main (f23a3a9)","baseline/5mbit",13.2,0.38,4,2,,16,3,3,394752,2120,2016,2242,104,0.18,1.42,1008.56,444716,117.49,73.43,9,11747328,7,27,2,2,0,0,0,0,0
"sync","candidate","main (f23a3a9)","baseline/5mbit",13.2,0.38,4,4,,16,3,3,396288,2178,2085,2398,93,0.17,1.38,1023.29,447912,141.15,95.82,10.16,12464128,8,36,3,3,0,0,0,0,0
"sync","candidate","main (f23a3a9)","baseline/5mbit",13.2,0.38,4,8,,16,3,3,397824,2220,1907,2588,313,0.17,1.35,1182.74,449448,136.8,79.8,10.51,13217792,8,36,3,3,0,0,0,0,0
"sync","candidate","main (f23a3a9)","baseline/5mbit",13.2,0.38,4,16,,16,3,3,399360,2024,1994,2304,30,0.19,1.48,984.76,450984,140.6,80.63,9.91,13643776,7,37,3,3,0,0,0,0,0
"sync","candidate","main (f23a3a9)","baseline/5mbit",13.2,0.38,4,32,,16,3,3,400896,2114,2005,2137,23,0.18,1.42,1058.24,452520,135.37,92.96,10.79,12812288,8,46,3,3,0,0,0,0,0
"sync","candidate","main (f23a3a9)","baseline/5mbit",13.2,0.38,4,64,,16,3,3,402432,2256,1917,2282,26,0.17,1.33,1144.87,454056,186.44,88.85,13.26,13119488,8,76,3,3,0,0,0,0,0
"sync","candidate","main (f23a3a9)","baseline/5mbit",13.2,0.38,8,1,,16,3,3,403968,2282,2116,2407,125,0.17,1.31,1103.4,452272,150.74,99.36,10.9,12079104,6,18,1,1,0,0,0,0,0
"sync","candidate","main (f23a3a9)","baseline/5mbit",13.2,0.38,8,2,,16,3,3,405504,2036,2009,2416,27,0.19,1.47,916.79,455468,115.05,77.09,8.71,12140544,7,28,2,2,0,0,0,0,0
"sync","candidate","main (f23a3a9)","baseline/5mbit",13.2,0.38,8,4,,16,3,3,407040,2229,2217,2328,12,0.17,1.35,1227.65,458664,136.38,103.95,10.62,12476416,8,37,3,3,0,0,0,0,0
"sync","candidate","main (f23a3a9)","baseline/5mbit",13.2,0.38,8,8,,16,3,3,408576,2445,2096,2563,118,0.16,1.23,1395.18,460200,134.25,87.55,10.57,12988416,8,36,3,3,0,0,0,0,0
"sync","candidate","main (f23a3a9)","baseline/5mbit",13.2,0.38,8,16,,16,3,3,410112,2056,2005,2135,51,0.19,1.46,944.51,461736,156.54,93.8,12.33,12926976,7,36,3,3,0,0,0,0,0
"sync","candidate","main (f23a3a9)","baseline/5mbit",13.2,0.38,8,32,,16,3,3,411648,2122,1883,2148,26,0.19,1.41,1004.96,463272,137.89,87.44,10.48,13045760,8,46,3,3,0,0,0,0,0
"sync","candidate","main (f23a3a9)","baseline/5mbit",13.2,0.38,8,64,,16,3,3,413184,2241,2117,2625,124,0.18,1.34,1124.71,464808,131.11,88.18,9.77,13381632,8,78,3,3,0,0,0,0,0
