"recorded_at","kind","version","label","candidate_ref","runner","scenario","link_profile","rtt_p50_ms","control_single_mib_per_s","files","bytes","median_ms","min_ms","max_ms","mad_ms","mib_per_s","files_per_s","max_rss_bytes","user_cpu_ms","archived","json"
"2026-08-25T20:27:44Z","release","v3.7.0",,"v3.7.0 (1d80caa)","self-hosted, Linux 7.0.0-30-generic, 10 cpu","large","baseline",13.33,0.39,2,33554432,52390,51199,54418,1191,0.61,0.04,8417280,411.71,false,"releases/release-v3.7.0.json"
"2026-08-25T20:27:44Z","release","v3.7.0",,"v3.7.0 (1d80caa)","self-hosted, Linux 7.0.0-30-generic, 10 cpu","mixed","baseline",13.33,0.39,56,12189696,17219,15630,17444,225,0.68,3.25,11546624,211.78,false,"releases/release-v3.7.0.json"
"2026-08-25T20:27:44Z","release","v3.7.0",,"v3.7.0 (1d80caa)","self-hosted, Linux 7.0.0-30-generic, 10 cpu","small","baseline",13.33,0.39,300,1228800,4334,4020,4834,314,0.27,69.22,12402688,195.47,false,"releases/release-v3.7.0.json"
"2026-08-30T20:40:16Z","release","v3.8.0",,"v3.8.0 (12422ea)","self-hosted, Linux 7.0.0-30-generic, 10 cpu","large","baseline",13.08,0.39,2,33554432,48954,48705,50432,249,0.65,0.04,8679424,411.97,false,"releases/release-v3.8.0.json"
"2026-08-30T20:40:16Z","release","v3.8.0",,"v3.8.0 (12422ea)","self-hosted, Linux 7.0.0-30-generic, 10 cpu","mixed","baseline",13.08,0.39,56,12189696,11720,11674,12249,46,0.99,4.78,11681792,201.09,false,"releases/release-v3.8.0.json"
"2026-08-30T20:40:16Z","release","v3.8.0",,"v3.8.0 (12422ea)","self-hosted, Linux 7.0.0-30-generic, 10 cpu","small","baseline",13.08,0.39,300,1228800,3633,3482,3857,151,0.32,82.58,12861440,178.81,false,"releases/release-v3.8.0.json"
"2026-10-04T16:04:15Z","release","v3.8.2",,"v3.8.2 (9f64c5e)","self-hosted, Linux 7.0.0-30-generic, 10 cpu","large","baseline",12.86,0.41,2,33554432,50042,47644,52215,2173,0.64,0.04,9248768,436.82,false,"releases/release-v3.8.2.json"
"2026-10-04T16:04:15Z","release","v3.8.2",,"v3.8.2 (9f64c5e)","self-hosted, Linux 7.0.0-30-generic, 10 cpu","mixed","baseline",12.86,0.41,56,12189696,11370,10395,12185,815,1.02,4.93,12398592,206.6,false,"releases/release-v3.8.2.json"
"2026-10-04T16:04:15Z","release","v3.8.2",,"v3.8.2 (9f64c5e)","self-hosted, Linux 7.0.0-30-generic, 10 cpu","small","baseline",12.86,0.41,300,1228800,3922,3582,3937,15,0.3,76.49,13430784,189.64,false,"releases/release-v3.8.2.json"
"2026-10-06T11:50:05Z","release","v3.8.3",,"v3.8.3 (ca27939)","self-hosted, Linux 7.0.0-30-generic, 10 cpu","large","baseline",12.91,0.42,2,33554432,45747,44707,48114,1040,0.7,0.04,9224192,470.9,false,"releases/release-v3.8.3.json"
"2026-10-06T11:50:05Z","release","v3.8.3",,"v3.8.3 (ca27939)","self-hosted, Linux 7.0.0-30-generic, 10 cpu","mixed","baseline",12.91,0.42,56,12189696,10607,10238,11172,369,1.1,5.28,14888960,229.41,false,"releases/release-v3.8.3.json"
"2026-10-06T11:50:05Z","release","v3.8.3",,"v3.8.3 (ca27939)","self-hosted, Linux 7.0.0-30-generic, 10 cpu","small","baseline",12.91,0.42,300,1228800,3649,3229,3668,19,0.32,82.21,14495744,198.26,false,"releases/release-v3.8.3.json"
"2026-10-08T07:04:44Z","release","v3.8.4",,"v3.8.4 (4a4034c)","self-hosted, Linux 7.0.0-30-generic, 10 cpu","large","baseline",12.93,0.39,2,33554432,50261,47587,50483,222,0.64,0.04,9191424,454.37,false,"releases/release-v3.8.4.json"
"2026-10-08T07:04:44Z","release","v3.8.4",,"v3.8.4 (4a4034c)","self-hosted, Linux 7.0.0-30-generic, 10 cpu","mixed","baseline",12.93,0.39,56,12189696,11854,11187,12279,425,0.98,4.72,14696448,246.07,false,"releases/release-v3.8.4.json"
"2026-10-08T07:04:44Z","release","v3.8.4",,"v3.8.4 (4a4034c)","self-hosted, Linux 7.0.0-30-generic, 10 cpu","small","baseline",12.93,0.39,300,1228800,3703,3648,3854,55,0.32,81.02,14696448,218.28,false,"releases/release-v3.8.4.json"
"2026-08-27T21:19:04Z","manual",,"pr-258","refs/pull/258/merge (82d5a16)","self-hosted, Linux 7.0.0-30-generic, 10 cpu","large","baseline",13.17,0.38,2,33554432,53788,51382,54364,576,0.59,0.04,8929280,428.08,false,"manual/manual-20260827T211904Z-pr-258.json"
"2026-08-27T21:19:04Z","manual",,"pr-258","refs/pull/258/merge (82d5a16)","self-hosted, Linux 7.0.0-30-generic, 10 cpu","mixed","baseline",13.17,0.38,56,12189696,12799,12407,13717,392,0.91,4.38,12140544,215.68,false,"manual/manual-20260827T211904Z-pr-258.json"
"2026-08-27T21:19:04Z","manual",,"pr-258","refs/pull/258/merge (82d5a16)","self-hosted, Linux 7.0.0-30-generic, 10 cpu","small","baseline",13.17,0.38,300,1228800,3994,3303,4003,9,0.29,75.11,13058048,186.35,false,"manual/manual-20260827T211904Z-pr-258.json"
"2026-07-27T15:55:56Z","release","v3.3.1",,"v3.3.1 (3bf5602)","Linux 6.17.0-1020-azure, 4 cpu","large",,,,2,33554432,81803,80044,81973,,0.39118369741941006,0.02444898108871313,,,true,"archive/releases/release-v3.3.1.json"
"2026-07-27T15:55:56Z","release","v3.3.1",,"v3.3.1 (3bf5602)","Linux 6.17.0-1020-azure, 4 cpu","mixed",,,,56,12189696,34357,34166,34686,,0.3383589952556975,1.6299444072532527,,,true,"archive/releases/release-v3.3.1.json"
"2026-07-27T15:55:56Z","release","v3.3.1",,"v3.3.1 (3bf5602)","Linux 6.17.0-1020-azure, 4 cpu","small",,,,300,1228800,64892,64011,65056,,0.018058851630401284,4.623066017382729,,,true,"archive/releases/release-v3.3.1.json"
"2026-07-27T16:56:32Z","release","v3.3.2",,"v3.3.2 (afe5aaf)","self-hosted, Linux 7.0.0-28-generic, 10 cpu","large",,,,2,33554432,76306,76005,81433,,0.4193641391240532,0.026210258695253324,,,true,"archive/releases/release-v3.3.2.json"
"2026-07-27T16:56:32Z","release","v3.3.2",,"v3.3.2 (afe5aaf)","self-hosted, Linux 7.0.0-28-generic, 10 cpu","mixed",,,,56,12189696,28419,27829,29459,,0.4090573208065027,1.970512685175411,,,true,"archive/releases/release-v3.3.2.json"
"2026-07-27T16:56:32Z","release","v3.3.2",,"v3.3.2 (afe5aaf)","self-hosted, Linux 7.0.0-28-generic, 10 cpu","small",,,,300,1228800,13044,12069,13071,,0.08984015639374425,22.999080036798528,,,true,"archive/releases/release-v3.3.2.json"
"2026-07-31T09:49:19Z","release","v3.4.0",,"v3.4.0 (ae799b7)","self-hosted, Linux 7.0.0-28-generic, 10 cpu","large","baseline",13.15,0.39,2,33554432,90269,77612,91472,1203,0.35,0.02,7491584,555.03,true,"archive/releases/release-v3.4.0.json"
"2026-07-31T09:49:19Z","release","v3.4.0",,"v3.4.0 (ae799b7)","self-hosted, Linux 7.0.0-28-generic, 10 cpu","mixed","baseline",13.15,0.39,56,12189696,32035,30269,33643,1608,0.36,1.75,9125888,236.38,true,"archive/releases/release-v3.4.0.json"
"2026-07-31T09:49:19Z","release","v3.4.0",,"v3.4.0 (ae799b7)","self-hosted, Linux 7.0.0-28-generic, 10 cpu","small","baseline",13.15,0.39,300,1228800,13644,13086,13984,340,0.09,21.99,11354112,233.27,true,"archive/releases/release-v3.4.0.json"
"2026-08-17T22:36:13Z","release","v3.5.0",,"v3.5.0 (c057a1d)","self-hosted, Linux 7.0.0-29-generic, 10 cpu","large","baseline",13.13,0.39,2,33554432,86488,76020,89316,2828,0.37,0.02,8060928,510.12,true,"archive/releases/release-v3.5.0.json"
"2026-08-17T22:36:13Z","release","v3.5.0",,"v3.5.0 (c057a1d)","self-hosted, Linux 7.0.0-29-generic, 10 cpu","mixed","baseline",13.13,0.39,56,12189696,32406,29209,32856,450,0.36,1.73,9125888,201.44,true,"archive/releases/release-v3.5.0.json"
"2026-08-17T22:36:13Z","release","v3.5.0",,"v3.5.0 (c057a1d)","self-hosted, Linux 7.0.0-29-generic, 10 cpu","small","baseline",13.13,0.39,300,1228800,14009,13055,14599,590,0.08,21.41,11354112,226.52,true,"archive/releases/release-v3.5.0.json"
"2026-08-21T12:29:08Z","release","v3.6.0",,"v3.6.0 (3bb5603)","self-hosted, Linux 7.0.0-29-generic, 10 cpu","large","baseline",13.27,0.37,2,33554432,52043,50054,56085,1989,0.61,0.04,8085504,449.04,true,"archive/releases/release-v3.6.0.json"
"2026-08-21T12:29:08Z","release","v3.6.0",,"v3.6.0 (3bb5603)","self-hosted, Linux 7.0.0-29-generic, 10 cpu","mixed","baseline",13.27,0.37,56,12189696,18170,17286,18738,568,0.64,3.08,11878400,207.2,true,"archive/releases/release-v3.6.0.json"
"2026-08-21T12:29:08Z","release","v3.6.0",,"v3.6.0 (3bb5603)","self-hosted, Linux 7.0.0-29-generic, 10 cpu","small","baseline",13.27,0.37,300,1228800,5459,5199,5553,94,0.21,54.96,13185024,198.76,true,"archive/releases/release-v3.6.0.json"
"2026-07-27T19:31:00Z","manual",,"perf-connection-pool","49dcaf38f2879248cfffbdfd02d3b87381992e51 (49dcaf3)","self-hosted, Linux 7.0.0-28-generic, 10 cpu","large",,,,2,33554432,70694,70541,76330,,0.4526551051008572,0.028290944068803576,,,true,"archive/manual/manual-20260727T193100Z-perf-connection-pool.json"
"2026-07-27T19:31:00Z","manual",,"perf-connection-pool","49dcaf38f2879248cfffbdfd02d3b87381992e51 (49dcaf3)","self-hosted, Linux 7.0.0-28-generic, 10 cpu","mixed",,,,56,12189696,27665,26608,29508,,0.4202060365082234,2.0242183264052054,,,true,"archive/manual/manual-20260727T193100Z-perf-connection-pool.json"
"2026-07-27T19:31:00Z","manual",,"perf-connection-pool","49dcaf38f2879248cfffbdfd02d3b87381992e51 (49dcaf3)","self-hosted, Linux 7.0.0-28-generic, 10 cpu","small",,,,300,1228800,13404,12624,14550,,0.08742726051924798,22.381378692927484,,,true,"archive/manual/manual-20260727T193100Z-perf-connection-pool.json"
